ScoreFMMPAM_FID,CovCount,PointCount,ScoresWin,hwLenKM,Scores,VenueCnt,VALUE,YEAR,IsFMM,UserDaysPA,DaysPAFina,Sum_length,days_pa_km,IsPaM
0,8,5,2.631904,1.519812,2.631905,3,,,0,,,,,0
1,8,1,0.011413,1.369033,0.011413,2,,,0,,,,,0
2,8,4,0.947601,1.055297,0.9476,4,,,0,,,,,0
3,8,4,6.374705,0.15687,6.37471,0,,,0,,,,,0
4,8,1,0.043217,0.361546,0.043217,0,,,0,,,,,0
5,8,2,0.060775,1.02838,0.060775,2,,,0,,,,,0
6,8,3,0.240479,1.03959,0.240479,2,,,0,,,,,0
7,8,1,0.006782,2.303945,0.006782,2,,,0,,,,,0
8,8,2,0.051679,1.2094,0.051678,1,,,0,,,,,0
9,8,4,0.894117,1.118422,0.894117,3,,,0,,,,,0
10,8,5,1.451979,2.754861,1.451979,9,,,0,,,,,0
11,8,3,0.136002,1.83821,0.136002,7,,,0,,,,,0
12,8,5,1.213156,3.297184,1.213157,12,,,0,,,,,0
13,8,1,0.023792,0.656736,0.023792,0,,,0,,,,,0
14,8,1,0.014583,1.071484,0.014583,1,,,0,,,,,0
15,8,1,0.014718,1.061607,0.014718,1,,,0,,,,,0
16,8,1,0.014276,1.094483,0.014276,1,,,0,,,,,0
17,8,4,0.953489,1.04878,0.953489,4,,,0,,,,,0
18,8,3,0.235797,1.060236,0.235797,3,,,0,,,,,0
19,8,2,0.08157,0.766214,0.08157,3,,,0,,,,,0
20,8,1,0.01191,1.311871,0.01191,3,,,0,,,,,0
21,8,4,0.814821,1.227263,0.814822,4,,,0,,,,,0
22,8,2,0.05905,1.058427,0.05905,2,,,0,,,,,0
23,8,6,10.4513,1.53091,10.451302,8,,,0,,,,,0
24,8,5,3.103166,1.289006,3.103165,3,,,0,,,,,0
25,8,1,0.044796,0.348801,0.044796,1,,,0,,,,,0
26,8,5,3.122392,1.281069,3.122392,5,,,0,,,,,0
27,8,5,2.93725,1.361818,2.93725,5,,,0,,,,,0
28,8,4,1.288192,0.776282,1.288191,2,,,0,,,,,0
29,8,3,0.460213,0.543227,0.460213,2,,,0,,,,,0
30,8,1,0.015591,1.002176,0.015591,1,,,0,,,,,0
31,8,3,0.231307,1.080817,0.231306,3,,,0,,,,,0
32,8,3,0.252158,0.991443,0.252158,3,,,0,,,,,0
33,8,5,7.491044,0.533971,7.49105,5,,,0,,,,,0
34,9,1,0.007425,1.05216,0.007425,1,,,0,,,,,0
35,8,3,4.902538,0.050994,4.902508,1,,,0,,,,,0
36,8,4,0.678894,1.472983,0.678895,2,,,0,,,,,0
37,9,1,0.008968,0.871145,0.008968,1,,,0,,,,,0
38,9,3,0.164819,0.75841,0.164819,4,,,0,,,,,0
39,8,2,0.044572,1.402228,0.044572,1,,,0,,,,,0
40,9,3,0.094519,1.32249,0.094519,4,,,0,,,,,0
41,9,5,1.200799,1.665558,1.200799,4,,,0,0.04486,0.168343,1.665558,0.101073,1
42,8,3,1.001326,0.249669,1.001328,0,,,0,,,,,0
43,8,1,0.011611,1.345701,0.011611,2,,,0,,,,,0
44,9,2,0.09327,0.335047,0.09327,0,,,0,0.87101,0.87101,0.335047,2.599663,1
45,9,8,16.82,1.718328,74.491018,6,,,0,63.466254,63.466254,1.718328,36.934889,1
46,9,6,4.875153,1.640974,4.875154,7,,,0,79.342245,79.342245,1.640974,48.35071,1
47,9,3,0.074072,1.687556,0.074072,4,,,0,10.010376,10.010376,1.687556,5.931879,1
48,9,1,0.018427,0.423966,0.018427,1,,,0,4.262014,4.269529,0.423966,10.070452,1
49,9,3,0.094954,1.316428,0.094954,3,,,0,0.364558,0.364558,1.316428,0.27693,1
50,9,3,0.08822,1.416905,0.08822,1,,,0,0,0,0,0,1
51,8,5,4.172856,0.958576,4.172858,3,,,0,,,,,0
52,9,3,0.10583,1.181139,0.10583,4,,,0,3.05013,3.161932,1.181139,2.677019,1
53,8,1,0.005893,2.65128,0.005893,0,,,0,,,,,0
54,8,1,0.013248,1.179458,0.013248,1,,,0,,,,,0
55,9,1,0.012809,0.609904,0.012809,1,,,0,2.254701,2.254701,0.609904,3.69681,1
56,9,1,0.010287,0.759474,0.010287,1,,,0,0.445435,0.445435,0.759474,0.586504,1
57,8,1,0.01233,1.267228,0.01233,1,,,0,,,,,0
58,9,3,0.195373,0.639801,0.195373,3,,,0,1.269227,1.269227,0.639801,1.983785,1
59,9,2,0.024716,1.264383,0.024716,1,,,0,0.844579,0.844579,1.264383,0.667977,1
60,8,1,0.028997,0.538842,0.028997,0,,,0,,,,,0
61,9,1,0.006923,1.12841,0.006923,1,,,0,2.657094,2.657094,1.12841,2.354723,1
62,9,2,0.029749,1.050442,0.029749,2,,,0,1.713059,2.400177,1.050442,2.284921,1
63,8,2,0.065741,0.950701,0.065741,1,,,0,,,,,0
64,8,1,0.019468,0.802617,0.019468,1,,,0,,,,,0
65,8,1,0.013175,1.185914,0.013175,1,,,0,,,,,0
66,8,3,0.247732,1.009154,0.247732,3,,,0,,,,,0
67,8,1,0.015068,1.03699,0.015068,1,,,0,,,,,0
68,8,1,0.020897,0.747732,0.020897,1,,,0,,,,,0
69,8,2,1.216285,0.051386,1.216279,0,,,0,,,,,0
70,8,6,14.154369,1.130393,14.154371,4,,,0,,,,,0
71,9,3,0.064847,1.927608,0.064847,2,,,0,57.489911,57.491771,1.927608,29.825446,1
72,9,1,0.007208,1.083866,0.007208,1,,,0,1.749746,1.749746,1.083866,1.614356,1
73,9,1,0.026117,0.299134,0.026117,1,,,0,0.526066,0.526066,0.299134,1.758632,1
74,8,2,0.037489,1.667154,0.037489,0,,,0,,,,,0
75,8,1,0.036486,0.428246,0.036486,1,,,0,,,,,0
76,9,1,0.00582,1.342251,0.00582,1,,,0,60.006986,60.006986,1.342251,44.706228,1
77,9,2,0.028417,1.099697,0.028417,2,,,0,1.716713,1.716713,1.099697,1.561078,1
78,9,2,0.026956,1.159302,0.026956,2,,,0,6.147214,6.147214,1.159302,5.302512,1
79,9,2,0.041647,0.750347,0.041647,2,,,0,1.658196,1.658196,0.750347,2.209906,1
80,0,0,0,1.009534,0,0,,,0,,,,,0
81,0,0,0,1.036024,0,0,,,0,,,,,0
82,0,0,0,0.767216,0,0,,,0,,,,,0
83,0,0,0,1.077885,0,0,,,0,,,,,0
84,0,0,0,1.037469,0,0,,,0,,,,,0
85,0,0,0,0.064257,0,1,,,0,,,,,0
86,0,0,0,0.39593,0,0,,,0,,,,,0
87,0,0,0,0.095417,0,0,,,0,,,,,0
88,0,0,0,0.707574,0,0,,,0,,,,,0
89,0,0,0,0.32917,0,0,,,0,,,,,0
90,0,0,0,0.09503,0,0,,,0,,,,,0
91,0,0,0,1.02432,0,0,,,0,,,,,0
92,0,0,0,0.236352,0,0,,,0,,,,,0
93,0,0,0,0.536279,0,0,,,0,,,,,0
94,0,0,0,0.848743,0,0,,,0,,,,,0
95,0,0,0,0.685873,0,0,,,0,,,,,0
96,0,0,0,0.330867,0,0,,,0,,,,,0
97,0,0,0,0.814931,0,0,,,0,,,,,0
98,0,0,0,0.46756,0,0,,,0,,,,,0
99,0,0,0,0.016387,0,0,,,0,,,,,0
100,0,0,0,1.402394,0,0,,,0,0.003027,0.003027,1.402394,0.002158,1
101,0,0,0,0.227482,0,0,,,0,,,,,0
102,0,0,0,0.613572,0,0,,,0,0,0,0,0,1
103,0,0,0,2.185691,0,1,,,0,,,,,0
104,0,0,0,0.055994,0,0,,,0,,,,,0
105,0,0,0,0,0,0,,,0,,,,,0
106,0,0,0,1.217909,0,0,,,0,,,,,0
107,0,0,0,0.097905,0,0,,,0,,,,,0
108,0,0,0,1.289091,0,0,,,0,,,,,0
109,0,0,0,1.180523,0,1,,,0,,,,,0
110,0,0,0,1.152731,0,0,,,0,,,,,0
111,0,0,0,0.264129,0,0,,,0,,,,,0
112,0,0,0,0.44931,0,0,,,0,,,,,0
113,0,0,0,0.221273,0,0,,,0,2.639883,2.639883,0.221273,11.930446,1
114,0,0,0,0.809093,0,0,,,0,0.319465,0.319465,0.809093,0.394843,1
115,0,0,0,0.515801,0,0,,,0,,,,,0
116,0,0,0,0.699118,0,0,,,0,,,,,0
117,0,0,0,0.507443,0,0,,,0,,,,,0
118,0,0,0,3.95639,0,1,,,0,,,,,0
119,0,0,0,1.112027,0,0,,,0,,,,,0
120,0,0,0,1.097023,0,0,,,0,,,,,0
121,0,0,0,0.314542,0,0,,,0,,,,,0
122,0,0,0,1.573486,0,0,,,0,0.610257,0.610257,1.573486,0.387838,1
123,0,0,0,0.114708,0,0,,,0,0,0,0,0,1
124,0,0,0,2.406802,0,0,,,0,,,,,0
125,0,0,0,1.760929,0,0,,,0,,,,,0
126,0,0,0,0.716638,0,0,,,0,,,,,0
127,0,0,0,0.776853,0,1,,,0,,,,,0
128,0,0,0,0.061581,0,0,,,0,0,0,0,0,1
129,0,0,0,1.099096,0,0,,,0,3.482544,3.482544,1.099096,3.168552,1
130,0,0,0,0.966974,0,0,,,0,0,0,0,0,1
131,0,0,0,1.110238,0,0,,,0,0,0,0,0,1
132,0,0,0,0.384987,0,0,,,0,,,,,0
133,0,0,0,1.452392,0,0,,,0,,,,,0
134,0,0,0,0.792585,0,0,,,0,0,0,0,0,1
135,0,0,0,0.200848,0,0,,,0,0.020252,0.020252,0.200848,0.100833,1
136,0,0,0,1.070833,0,0,,,0,4.136603,4.136603,1.070833,3.862977,1
137,0,0,0,0.855287,0,0,,,0,1.5443,1.5443,0.855287,1.805593,1
138,9,1,0.012168,0.64207,0.012168,0,,,0,0,0,0,0,1
139,9,2,0.019576,1.596316,0.019576,1,,,0,36.931287,50.898701,1.596316,31.885097,1
140,9,3,0.101496,1.231571,0.101496,2,,,0,8.477151,9.232613,1.231571,7.496617,1
141,9,1,0.010698,0.730294,0.010698,1,,,0,0,0,0,0,1
142,9,2,0.024948,1.252613,0.024948,2,,,0,2.054795,2.054795,1.252613,1.640407,1
143,9,2,0.032099,0.973552,0.032099,2,,,0,1.878472,1.878472,0.973552,1.929503,1
144,9,1,0.018392,0.424778,0.018392,1,,,0,4.180605,4.180605,0.424778,9.841853,1
145,9,3,0.106362,1.175227,0.106362,2,,,0,0,0,0,0,1
146,8,1,0.007632,2.047251,0.007632,2,,,0,,,,,0
147,9,3,0.092159,1.356346,0.092159,0,,,0,0,0,0,0,1
148,9,2,0.02031,1.538663,0.02031,0,,,0,33.587399,35.543584,1.538663,23.100298,1
149,9,2,0.014715,2.12374,0.014715,9,,,0,15.749773,15.749773,2.12374,7.416057,1
150,9,4,0.423512,1.180605,0.423512,4,,,0,45.744539,56.344892,1.180605,47.725425,1
151,9,3,0.262883,0.475497,0.262883,0,,,0,0.626413,0.626413,0.475497,1.317385,1
152,9,2,0.025892,1.20694,0.025892,2,,,0,1.857928,1.857928,1.20694,1.53937,1
153,9,1,0.005692,1.372433,0.005692,1,,,0,0.147598,0.147598,1.372433,0.107545,1
154,9,2,0.06261,0.499118,0.06261,2,,,0,0,0,0,0,1
155,9,1,0.011042,0.707518,0.011042,0,,,0,0.176323,0.176323,0.707518,0.249213,1
156,9,3,0.092053,1.35791,0.092053,5,,,0,8.587092,8.587092,1.35791,6.323758,1
157,9,3,0.112542,1.110695,0.112542,4,,,0,4.513125,4.513125,1.110695,4.063335,1
158,9,5,2.348258,0.851695,2.348259,3,,,0,2.008632,2.250244,0.851695,2.642078,1
159,9,1,0.009497,0.822629,0.009497,1,,,0,0.51608,0.672609,0.822629,0.817633,1
160,9,4,0.270295,1.849828,0.270295,9,,,0,32.170817,32.170817,1.849828,17.39125,1
161,9,8,16.82,1.127657,113.509661,7,,,0,34.559996,34.680048,1.127657,30.754066,1
162,9,3,0.060608,2.062445,0.060608,3,,,0,0,0,0,0,1
163,8,1,0.016827,0.928585,0.016827,0,,,0,,,,,0
164,8,3,0.188012,1.329702,0.188012,2,,,0,,,,,0
165,9,6,6.487467,1.233147,6.487469,4,,,0,3.480256,4.793925,1.233147,3.887555,1
166,9,2,0.018104,1.726156,0.018104,2,,,0,0.017964,0.017964,1.726156,0.010407,1
167,9,6,7.066014,1.13218,7.066013,5,,,0,0.450745,7.147391,1.13218,6.312944,1
168,9,3,0.041584,3.005936,0.041584,2,,,0,0,0,0,0,1
169,9,1,0.003521,2.218617,0.003521,1,,,0,0,0,0,0,1
170,8,2,0.113412,0.551086,0.113412,2,,,0,,,,,0
171,9,2,0.030107,1.03795,0.030107,2,,,0,0,0,0,0,1
172,9,1,0.005363,1.456704,0.005363,1,,,0,0,0,0,0,1
173,9,2,0.015848,1.971894,0.015848,3,,,0,0,0,0,0,1
174,9,1,0.045423,0.171994,0.045423,0,,,0,0,0,0,0,1
175,9,2,0.030101,1.038155,0.030101,2,,,0,1.769373,5.741085,1.038155,5.530083,1
176,9,1,0.005678,1.375898,0.005678,1,,,0,0,0,0,0,1
177,9,1,0.009303,0.839803,0.009303,0,,,0,6.452036,6.452036,0.839803,7.6828,1
178,9,1,0.031034,0.251744,0.031034,2,,,0,0,0,0,0,1
179,9,3,0.073421,1.702516,0.073421,2,,,0,0,0,0,0,1
180,9,1,0.005782,1.351071,0.005782,0,,,0,0,0,0,0,1
181,10,1,0.002395,1.631239,0.002395,1,,,0,3.75,3.75,1.631239,2.298866,1
182,10,3,0.054548,1.14579,0.054547,3,,,0,7.5,7.5,1.14579,6.5457,1
183,9,3,0.178995,0.698343,0.178995,0,,,0,1.675141,1.675141,0.698343,2.398736,1
184,9,1,0.003671,2.128058,0.003671,5,,,0,3.933584,3.933584,2.416208,1.627999,1
185,9,2,0.03038,1.028624,0.03038,1,,,0,0,0,0,0,1
186,9,1,0.007725,1.011347,0.007725,1,,,0,0,0,0,0,1
187,9,1,0.006342,1.231817,0.006342,1,,,0,0,0,0,0,1
188,10,2,0.00766,2.039783,0.00766,3,,,0,8.83491,8.83491,2.039783,4.331298,1
189,10,1,0.012134,0.321913,0.012134,1,,,0,2.944613,2.944613,0.321913,9.147233,1
190,9,1,0.007019,1.112986,0.007019,2,,,0,0.243999,0.243999,1.112987,0.219229,1
191,9,5,1.686592,1.185823,1.686593,5,,,0,0.131372,0.259076,1.185823,0.218478,1
192,9,2,0.013195,2.368366,0.013195,0,,,0,0,0,0,0,1
193,9,1,0.001876,4.164341,0.001876,0,,,0,0.000289,0.000289,4.164341,0.000069,1
194,10,2,0.009486,1.647154,0.009486,2,,,0,3.75,3.75,1.647154,2.276654,1
195,10,1,0.006932,0.56355,0.006932,1,,,0,0,0,0,0,1
196,10,2,0.011549,1.35293,0.011549,1,,,0,0.44052,0.44052,1.35293,0.325605,1
197,10,4,0.120943,2.067093,0.120943,4,,,0,18.198204,18.198204,2.067093,8.803767,1
198,9,1,0.006399,1.220957,0.006399,1,,,0,0.135231,0.135231,1.220957,0.110758,1
199,9,1,0.002945,2.652804,0.002945,2,,,0,0,0,0,0,1
200,10,6,2.407572,1.661425,2.407572,5,,,0,24.505631,24.505631,1.661425,14.749767,1
201,9,1,0.006628,1.178777,0.006628,1,,,0,0.117211,0.942261,1.178777,0.799355,1
202,9,1,0.006524,1.197449,0.006524,1,,,0,0.267148,3.112682,1.197449,2.599427,1
203,9,1,0.020067,0.389323,0.020067,0,,,0,1.125818,3.291169,0.389323,8.453566,1
204,9,1,0.002302,3.394505,0.002302,1,,,0,0.056026,1.951823,3.394505,0.574995,1
205,0,0,0,0.445296,0,1,,,0,0,0,0,0,1
206,0,0,0,1.795028,0,0,,,0,,,,,0
207,0,0,0,0.742637,0,0,,,0,,,,,0
208,0,0,0,1.230453,0,0,,,0,,,,,0
209,0,0,0,0.856256,0,1,,,0,26.498674,26.498674,0.856256,30.947155,1
210,0,0,0,0.585816,0,0,,,0,0,0,0,0,1
211,0,0,0,0.61397,0,0,,,0,0,0,0,0,1
212,0,0,0,0.712023,0,0,,,0,0,0,0,0,1
213,0,0,0,0.083848,0,0,,,0,,,,,0
214,0,0,0,1.101233,0,0,,,0,,,,,0
215,0,0,0,1.14093,0,0,,,0,,,,,0
216,0,0,0,0.194541,0,1,,,0,,,,,0
217,0,0,0,0.313388,0,0,,,0,2.197838,2.197838,0.313388,7.013148,1
218,0,0,0,1.184011,0,2,,,0,7.732807,7.732807,1.184011,6.531024,1
219,0,0,0,1.172506,0,0,,,0,4.081836,4.081836,1.172506,3.481292,1
220,0,0,0,3.08685,0,0,,,0,0,0,0,0,1
221,0,0,0,0.273959,0,0,,,0,0,0,0,0,1
222,0,0,0,1.0874,0,0,,,0,,,,,0
223,0,0,0,0.214176,0,0,,,0,2.876757,2.876757,0.214176,13.431752,1
224,0,0,0,1.225868,0,0,,,0,0,0,0,0,1
225,0,0,0,1.010988,0,0,,,0,4.468124,4.468124,1.010988,4.41956,1
226,0,0,0,0.738074,0,0,,,0,0,0,0,0,1
227,0,0,0,0.743483,0,0,,,0,0,0,0,0,1
228,0,0,0,0.023324,0,0,,,0,0,0,0,0,1
229,0,0,0,0.056903,0,1,,,0,0,0,0,0,1
230,0,0,0,0.853545,0,0,,,0,0,0,0,0,1
231,0,0,0,1.005894,0,0,,,0,0,0,0,0,1
232,0,0,0,0.335625,0,0,,,0,0,0,0,0,1
233,0,0,0,0.820324,0,0,,,0,0,0,0,0,1
234,0,0,0,0.514926,0,0,,,0,0,0,0,0,1
235,0,0,0,0.111534,0,0,,,0,0,0,0,0,1
236,0,0,0,2.523351,0,0,,,0,0,0,0,0,1
237,0,0,0,0.226147,0,0,,,0,0,0,0,0,1
238,0,0,0,1.257099,0,0,,,0,0,0,0,0,1
239,0,0,0,1.044671,0,0,,,0,0,0,0,0,1
240,0,0,0,1.071177,0,0,,,0,0,0,0,0,1
241,0,0,0,2.824587,0,0,,,0,0,0,0,0,1
242,0,0,0,1.1949,0,0,,,0,0,0,0,0,1
243,0,0,0,1.658977,0,0,,,0,0,0,0,0,1
244,0,0,0,0.072128,0,0,,,0,0,0,0,0,1
245,0,0,0,0.28815,0,0,,,0,0.032743,0.032743,0.28815,0.113632,1
246,0,0,0,0.687949,0,0,,,0,0,0,0,0,1
247,0,0,0,5.996847,0,0,,,0,0,0,0,0,1
248,0,0,0,2.438391,0,0,,,0,0,0,0,0,1
249,0,0,0,4.61964,0,0,,,0,0,0,0,0,1
250,0,0,0,3.744581,0,1,,,0,0,0,0,0,1
251,0,0,0,0.599019,0,0,,,0,0,0,0,0,1
252,0,0,0,2.103185,0,0,,,0,0,0,0,0,1
253,0,0,0,3.27302,0,0,,,0,0,0,0,0,1
254,0,0,0,0.441491,0,0,,,0,0,0,0,0,1
255,0,0,0,1.526015,0,0,,,0,0,0,0,0,1
256,0,0,0,1.384099,0,0,,,0,0,0,0,0,1
257,0,0,0,0.82214,0,0,,,0,3.298998,3.298998,0.82214,4.012696,1
258,0,0,0,0.742166,0,0,,,0,0,0,0,0,1
259,0,0,0,6.204559,0,1,,,0,0,0,0,0,1
260,0,0,0,13.261134,0,0,,,0,0.000445,0.000445,13.261134,0.000034,1
261,0,0,0,10.118053,0,0,,,0,0,0,0,0,1
262,0,0,0,1.978358,0,1,,,0,0,0,0,0,1
263,0,0,0,4.25644,0,0,,,0,0.371563,0.371563,4.25644,0.087294,1
264,0,0,0,0.935489,0,0,,,0,1.046864,1.046864,0.935489,1.119056,1
265,0,0,0,5.889782,0,0,,,0,0.310064,0.310064,5.889782,0.052644,1
266,0,0,0,2.281537,0,0,,,0,0,0,0,0,1
267,0,0,0,1.437433,0,0,,,0,0,0,0,0,1
268,0,0,0,1.371375,0,0,,,0,0,0,0,0,1
269,0,0,0,1.293407,0,0,,,0,0,0,0,0,1
270,0,0,0,1.019686,0,0,,,0,0,0,0,0,1
271,0,0,0,0.335301,0,0,,,0,0,0,0,0,1
272,0,0,0,0.882399,0,0,,,0,0,0,0,0,1
273,0,0,0,5.366218,0,0,,,0,0.483048,0.483048,5.366218,0.090016,1
274,0,0,0,2.959857,0,0,,,0,0.306099,0.306099,2.959857,0.103417,1
275,0,0,0,0.367695,0,0,,,0,1.159503,1.159503,0.367695,3.15344,1
276,0,0,0,1.68822,0,0,,,0,0.894416,0.894416,1.68822,0.529798,1
277,0,0,0,1.782298,0,0,,,0,0.000484,0.000484,1.782298,0.000272,1
278,0,0,0,0.511756,0,0,,,0,0,0,0,0,1
279,0,0,0,0.004391,0,0,,,0,0,0,0,0,1
280,10,1,0.002402,1.626224,0.002402,1,,,0,0.625,0.625,1.626224,0.384326,1
281,10,2,0.005941,2.630106,0.005941,0,,,0,0,0,0,0,1
282,9,1,0.001791,4.361857,0.001791,1,,,0,2.672351,2.672351,4.361857,0.612664,1
283,10,1,0.003493,1.118403,0.003493,1,,,0,1.342014,1.35019,1.355828,0.995841,1
284,10,5,0.482352,2.073175,0.482352,2,,,0,2.103917,2.103917,2.073175,1.014828,1
285,10,1,0.01245,0.313758,0.01245,2,,,0,32.361618,32.361618,0.313758,103.14193,1
286,10,4,0.147962,1.689626,0.147962,2,,,0,12.196577,12.196577,1.689626,7.218506,1
287,10,1,0.003774,1.034906,0.003774,1,,,0,1.957122,1.957122,1.034906,1.891111,1
288,10,1,0.009942,0.39292,0.009942,1,,,0,0.174047,0.174047,0.39292,0.442957,1
289,10,1,0.002286,1.709034,0.002286,1,,,0,1.075953,1.075953,1.709034,0.629568,1
290,10,1,0.002856,1.36785,0.002856,1,,,0,36.317569,36.317569,1.36785,26.550845,1
291,10,1,0.007206,0.542076,0.007206,0,,,0,0,0,0,0,1
292,9,1,0.006606,1.182628,0.006606,1,,,0,0.305955,3.714066,1.182628,3.14052,1
293,9,1,0.004526,1.725956,0.004526,1,,,0,2.348259,2.348259,1.725956,1.360556,1
294,9,1,0.00956,0.817247,0.00956,0,,,0,0,0,0,0,1
295,9,1,0.002558,3.054686,0.002558,0,,,0,0,0,0,0,1
296,10,1,0.003655,1.068862,0.003655,1,,,0,2.39981,2.39981,1.068862,2.245201,1
297,10,1,0.003661,1.067098,0.003661,1,,,0,1.136575,1.136575,1.067098,1.065108,1
298,10,1,0.006526,0.598532,0.006526,1,,,0,0.140941,0.140941,0.598532,0.235478,1
299,10,3,0.045919,1.36108,0.045919,3,,,0,83.299006,83.299006,1.36108,61.200668,1
300,10,4,0.16269,1.536664,0.16269,6,,,0,8.128677,8.128677,1.536664,5.289822,1
301,9,4,0.22626,2.209845,0.22626,1,,,0,0,0,0,0,1
302,9,3,0.033106,3.775769,0.033106,3,,,0,3.467415,3.467415,3.775769,0.918334,1
303,10,1,0.003501,1.115726,0.003501,1,,,0,10.266815,10.266815,1.115726,9.201916,1
304,9,3,0.106516,1.173533,0.106516,3,,,0,0.650865,25.296577,1.173533,21.555911,1
305,9,1,0.002522,3.097753,0.002522,2,,,0,0.362987,0.362987,3.097754,0.117177,1
306,10,1,0.003481,1.122162,0.003481,2,,,0,3.410575,3.410575,1.122162,3.039289,1
307,10,6,5.429397,0.73673,5.429394,3,,,0,1.043899,1.050856,0.73673,1.426378,1
308,11,9,16.82,2.610158,49.039186,14,,,0,31.017903,31.017903,2.610158,11.883537,1
309,11,1,0.125409,0.015574,0.125409,0,,,0,0,0,0,0,1
310,9,1,0.007003,1.115643,0.007003,1,,,0,0.114085,2.206531,1.115643,1.977812,1
311,9,2,0.011761,2.657032,0.011761,1,,,0,0,0,0,0,1
312,9,4,0.169703,2.946322,0.169703,4,,,0,5.161977,10.194106,2.946322,3.459942,1
313,9,1,0.00759,1.029371,0.00759,1,,,0,6.353151,7.102038,1.029371,6.899395,1
314,9,2,0.067389,0.463726,0.067389,0,,,0,0,0,0,0,1
315,9,1,0.002186,3.574147,0.002186,1,,,0,22.072394,22.072394,3.574147,6.17557,1
316,10,1,0.003442,1.134865,0.003442,1,,,0,0.119481,0.119481,1.134865,0.105282,1
317,11,2,0.030776,0.253848,0.030776,1,,,0,0,0,0,0,1
318,11,2,0.006087,1.283418,0.006087,2,,,0,10.095484,10.095484,1.283418,7.866093,1
319,9,1,0.005672,1.377482,0.005672,1,,,0,0.114105,0.813349,1.377482,0.590461,1
320,10,1,0.004281,0.912524,0.004281,1,,,0,1.208303,3.829707,0.912524,4.196829,1
321,10,1,0.003401,1.148493,0.003401,1,,,0,0.451547,0.451547,1.148493,0.393165,1
322,10,4,0.330391,0.75668,0.330391,2,,,0,0.652741,0.652741,0.75668,0.862639,1
323,10,1,0.003245,1.203667,0.003245,1,,,0,0.455391,0.455391,1.203667,0.378336,1
324,10,1,0.00315,1.240149,0.00315,1,,,0,1.053973,1.053973,1.240149,0.849876,1
325,11,1,0.001909,1.022937,0.001909,2,,,0,5.544251,5.544251,1.022937,5.419934,1
326,9,1,0.00623,1.253927,0.00623,1,,,0,0.297879,1.740482,1.253927,1.388025,1
327,10,1,0.002657,1.469936,0.002657,2,,,0,5.288931,5.288931,1.469936,3.598069,1
328,10,1,0.001737,2.249456,0.001737,1,,,0,3.077203,3.077203,2.249456,1.367977,1
329,10,1,0.002116,1.846268,0.002116,1,,,0,0.018846,0.018846,1.846268,0.010208,1
330,10,1,0.002885,1.353754,0.002885,1,,,0,28.983258,28.983258,1.353754,21.409548,1
331,11,4,0.105711,1.182472,0.105711,1,,,0,0,0,0,0,1
332,11,1,0.000867,2.252056,0.000867,1,,,0,0,0,0,0,1
333,11,1,0.001081,1.806758,0.001081,3,,,0,10.318365,10.318365,1.806758,5.710985,1
334,11,3,0.262802,0.118911,0.262801,0,,,0,0.746359,0.746359,0.118911,6.276602,1
335,10,2,0.017134,0.911932,0.017134,0,,,0,3.482389,3.482389,0.911932,3.818692,1
336,10,2,0.014937,1.046077,0.014937,2,,,0,0,0,0,0,1
337,11,8,16.82,1.441884,22.19319,3,,,0,0.104719,0.104719,1.441884,0.072627,1
338,11,1,0.001349,1.448006,0.001349,3,,,0,74.808341,74.808341,1.448006,51.663022,1
339,11,1,0.000784,2.49199,0.000784,3,,,0,126.090137,126.090137,2.49199,50.598162,1
340,11,1,0.003014,0.647947,0.003014,1,,,0,0,0,0,0,1
341,11,1,0.000504,3.874735,0.000504,1,,,0,0,0,0,0,1
342,11,5,0.366523,1.364171,0.366523,2,,,0,8.513709,8.513709,1.364171,6.24094,1
343,10,4,0.168102,1.487191,0.168102,3,,,0,1.934932,1.934932,1.487191,1.301065,1
344,10,3,0.046846,1.334165,0.046846,3,,,0,4.211588,4.211588,1.334165,3.156721,1
345,10,1,0.003701,1.055422,0.003701,1,,,0,4.200342,4.200342,1.055422,3.979773,1
346,10,1,0.004525,0.863324,0.004525,1,,,0,4.200342,4.200342,0.863324,4.865313,1
347,10,5,0.708789,1.410857,0.708789,4,,,0,4.200342,4.200342,1.410857,2.977157,1
348,10,2,0.01449,1.078365,0.01449,2,,,0,0,0,0,0,1
349,10,4,0.211058,1.184506,0.211058,4,,,0,4.200342,4.200342,1.184506,3.54607,1
350,10,1,0.001704,2.292868,0.001704,1,,,0,0,0,0,0,1
351,11,3,0.01523,2.051841,0.01523,3,,,0,57.136614,57.136614,2.051841,27.846508,1
352,11,3,0.030551,1.022866,0.030551,1,,,0,57.085532,57.085532,1.022866,55.809373,1
353,11,1,0.000946,2.063757,0.000946,2,,,0,87.61272,87.61272,2.063757,42.453012,1
354,11,1,0.005947,0.328414,0.005947,1,,,0,0.860661,0.860661,0.328414,2.620657,1
355,11,1,0.002027,0.963399,0.002027,1,,,0,13.267149,13.267149,0.963399,13.771187,1
356,10,1,0.002222,1.75782,0.002222,0,,,0,34.028013,34.028013,1.75782,19.358079,1
357,10,1,0.003279,1.191267,0.003279,1,,,0,4.389806,4.389806,1.191267,3.684988,1
358,10,2,0.010484,1.490387,0.010484,2,,,0,4.200342,4.400341,1.490387,2.952482,1
359,10,1,0.002395,1.630759,0.002395,1,,,0,0.693492,0.693492,1.630759,0.425257,1
360,10,1,0.002715,1.438839,0.002715,1,,,0,14.619832,14.619832,1.438839,10.160857,1
361,11,1,0.000811,2.406883,0.000811,3,,,0,129.286861,129.286861,2.406883,53.715473,1
362,11,1,0.001464,1.333819,0.001464,1,,,0,8.571687,8.571687,1.333819,6.426422,1
363,11,3,0.050624,0.617299,0.050624,3,,,0,1.685566,1.686279,0.617299,2.731705,1
364,10,1,0.003821,1.022282,0.003821,1,,,0,0.160161,0.727998,1.022282,0.71213,1
365,9,1,0.005377,1.452981,0.005377,1,,,0,4.268335,11.246022,1.452981,7.739966,1
366,9,1,0.002587,3.020323,0.002587,1,,,0,4.69687,4.69687,3.020323,1.555089,1
367,10,1,0.001995,1.958321,0.001995,1,,,0,2.527225,2.527225,1.958321,1.290506,1
368,10,5,0.863305,1.158339,0.863305,6,,,0,0.993354,0.993354,1.158339,0.857567,1
369,10,3,0.028358,2.203963,0.028358,3,,,0,7.317629,7.317629,2.203963,3.320214,1
370,11,1,0.000861,2.26811,0.000861,1,,,0,0,0,0,0,1
371,11,7,11.158426,0.716947,11.15843,3,,,0,0.414677,1.174647,0.716947,1.638402,1
372,10,2,0.015441,1.011921,0.015441,2,,,0,0.178719,0.193344,1.011921,0.191066,1
373,10,6,3.586936,1.115158,3.586934,2,,,0,0.102217,0.292769,1.115158,0.262536,1
374,10,2,0.022502,0.694394,0.022502,1,,,0,1.792325,1.792325,0.694394,2.581135,1
375,11,1,0.000959,2.03719,0.000959,2,,,0,120.393725,120.393725,2.03719,59.097938,1
376,10,1,0.000967,4.040233,0.000967,1,,,0,0.070883,0.070883,4.040233,0.017544,1
377,10,3,0.046405,1.346824,0.046405,9,,,0,90.211846,90.211846,1.346824,66.981145,1
378,10,3,0.040432,1.545793,0.040432,5,,,0,76.259329,76.259329,1.545793,49.33347,1
379,10,1,0.004422,0.883288,0.004422,1,,,0,15.87615,15.87615,0.883288,17.973931,1
380,10,2,0.012761,1.224461,0.012761,1,,,0,0.142606,0.142606,1.224461,0.116464,1
381,11,1,0.020846,0.093694,0.020846,0,,,0,0,0,0,0,1
382,11,1,0.000753,2.59291,0.000753,2,,,0,49.371774,49.371774,2.59291,19.041066,1
383,10,1,0.006831,0.571839,0.006831,1,,,0,0.945263,0.945263,0.571839,1.653024,1
384,9,1,0.007264,1.075526,0.007264,1,,,0,6.103381,7.872406,1.075526,7.319584,1
385,10,1,0.005078,0.769215,0.005078,2,,,0,0,0,0,0,1
386,10,3,0.141103,0.44294,0.141103,0,,,0,0,0,0,0,1
387,11,1,0.001241,1.574263,0.001241,1,,,0,45.427636,45.427636,1.574263,28.856452,1
388,10,6,1.847905,2.164613,1.847906,2,,,0,4.608702,4.608702,2.164613,2.129112,1
389,9,4,0.392311,1.274498,0.392311,3,,,0,3.328047,3.328047,1.274498,2.611262,1
390,9,4,0.410889,1.216875,0.410889,2,,,0,4.225909,4.225909,1.216875,3.472755,1
391,10,3,0.037908,1.648708,0.037908,0,,,0,3.679985,4.125254,1.648708,2.502113,1
392,11,1,0.000875,2.232593,0.000875,1,,,0,0,0,0,0,1
393,11,1,0.001067,1.830197,0.001067,1,,,0,80.938611,80.938611,1.830197,44.223994,1
394,10,1,0.0005,7.815889,0.0005,2,,,0,4.320205,4.320205,7.815889,0.552746,1
395,10,1,0.003232,1.208708,0.003232,1,,,0,0,0,0,0,1
396,10,1,0.003433,1.137715,0.003433,1,,,0,0.873249,0.873249,1.137715,0.767546,1
397,11,1,0.001007,1.93942,0.001007,1,,,0,48.012053,48.012053,1.93942,24.755886,1
398,10,2,0.008344,1.872647,0.008344,0,,,0,0,0,0,0,1
399,10,1,0.00426,0.916889,0.00426,2,,,0,6.673248,6.673248,0.916889,7.278143,1
400,10,5,1.954526,0.511633,1.954525,3,,,0,0.248236,0.248236,0.511633,0.485183,1
401,11,1,0.002233,0.874713,0.002233,0,,,0,2.9187,3.75,0.874713,4.287122,1
402,10,1,0.003607,1.083032,0.003607,1,,,0,0.0767,0.143083,1.192001,0.120036,1
403,10,1,0.006351,0.615026,0.006351,1,,,0,0.191461,0.481917,0.615026,0.783572,1
404,10,4,0.13261,1.88523,0.13261,6,,,0,3.869863,3.869863,1.88523,2.052727,1
405,10,1,0.003157,1.237297,0.003157,1,,,0,0.04313,0.04313,1.237297,0.034858,1
406,10,1,0.005432,0.719064,0.005432,0,,,0,0.238811,0.254957,0.719064,0.354568,1
407,10,7,10.928133,1.464111,10.928132,4,,,0,0.355657,0.355657,1.464111,0.242917,1
408,10,2,0.009431,1.656706,0.009431,3,,,0,8.640411,8.640411,1.656706,5.215417,1
409,10,1,0.001925,2.028966,0.001925,1,,,0,1.281495,1.281495,2.028966,0.6316,1
410,10,3,0.044828,1.394203,0.044828,6,,,0,10.695205,10.695205,1.394203,7.671195,1
411,10,1,0.005138,0.760294,0.005138,1,,,0,1.155822,1.155822,0.760294,1.52023,1
412,10,1,0.010497,0.372121,0.010497,1,,,0,2.507088,2.507088,0.372121,6.73729,1
413,10,1,0.001732,2.254855,0.001732,1,,,0,10.610174,10.610174,2.254855,4.705479,1
414,10,1,0.00207,1.886644,0.00207,0,,,0,5.085662,5.085662,1.886644,2.695612,1
415,10,1,0.003403,1.148025,0.003403,1,,,0,0,0,0,0,1
416,10,1,0.004296,0.909381,0.004296,1,,,0,0,0,0,0,1
417,10,4,0.158358,1.578703,0.158358,4,,,0,7.427691,7.427691,1.578703,4.704933,1
418,10,2,0.009869,1.583197,0.009869,4,,,0,7.466145,7.466145,1.583197,4.715865,1
419,10,1,0.00281,1.390357,0.00281,1,,,0,1.155822,1.155822,1.390357,0.831313,1
420,10,3,0.05861,1.066365,0.05861,3,,,0,2.469653,2.469653,1.066365,2.315954,1
421,10,4,0.406215,0.615437,0.406215,2,,,0,0,0,0,0,1
422,10,2,0.012644,1.235722,0.012644,1,,,0,0.123991,0.123991,1.235722,0.100339,1
423,11,2,0.010635,0.734583,0.010635,2,,,0,2.425961,2.425961,0.734583,3.302503,1
424,11,4,0.070282,1.77854,0.070282,4,,,0,10.95155,10.95155,1.77854,6.157606,1
425,11,4,0.058397,2.140509,0.058397,3,,,0,2.054795,2.054795,2.140509,0.959956,1
426,11,1,0.003102,0.629575,0.003102,1,,,0,3.57179,3.57179,0.629575,5.673336,1
427,11,1,0.000678,2.879485,0.000678,6,,,0,19.243326,19.243326,2.879485,6.682906,1
428,0,0,0,1.216235,0,0,,,0,0,0,0,0,1
429,0,0,0,0.683934,0,0,,,0,0,0,0,0,1
430,0,0,0,0.679071,0,0,,,0,0,0,0,0,1
431,0,0,0,1.549007,0,0,,,0,0,0,0,0,1
432,0,0,0,0.599595,0,0,,,0,0,0,0,0,1
433,0,0,0,1.826309,0,0,,,0,0,0,0,0,1
434,0,0,0,0.033139,0,0,,,0,0,0,0,0,1
435,0,0,0,1.204685,0,0,,,0,0.383942,0.383942,1.204685,0.318707,1
436,0,0,0,2.550365,0,0,,,0,0.5515,0.5515,2.550365,0.216244,1
437,0,0,0,14.090811,0,0,,,0,0.531502,0.531502,14.090811,0.03772,1
438,0,0,0,10.861417,0,0,,,0,0,0,0,0,1
439,0,0,0,5.000849,0,0,,,0,0,0,0,0,1
440,0,0,0,1.087801,0,0,,,0,0,0,0,0,1
441,0,0,0,0.57186,0,0,,,0,0,0,0,0,1
442,0,0,0,0.064754,0,0,,,0,0,0,0,0,1
443,0,0,0,0.977732,0,0,,,0,0,0,0,0,1
444,0,0,0,0.978605,0,0,,,0,0.484059,0.484059,0.978605,0.494642,1
445,0,0,0,0.443663,0,0,,,0,0,0,0,0,1
446,0,0,0,1.575844,0,0,,,0,0,0,0,0,1
447,0,0,0,0.665603,0,0,,,0,0,0,0,0,1
448,0,0,0,3.618452,0,0,,,0,0.166999,0.166999,3.618452,0.046152,1
449,0,0,0,1.978236,0,0,,,0,0,0,0,0,1
450,0,0,0,1.88252,0,0,,,0,0.157606,0.157606,1.88252,0.083721,1
451,0,0,0,7.368799,0,0,,,0,2.826265,2.826265,7.368799,0.383545,1
452,0,0,0,10.222956,0,0,,,0,0.997629,0.997629,10.222956,0.097587,1
453,0,0,0,3.261903,0,1,,,0,0,0,0,0,1
454,0,0,0,0.115052,0,0,,,0,0,0,0,0,1
455,0,0,0,0.027839,0,0,,,0,0,0,0,0,1
456,0,0,0,0.389587,0,0,,,0,0,0,0,0,1
457,0,0,0,1.214301,0,0,,,0,0,0,0,0,1
458,0,0,0,1.107618,0,0,,,0,0,0,0,0,1
459,0,0,0,1.647881,0,0,,,0,0.242745,0.242745,1.647881,0.147307,1
460,0,0,0,2.125925,0,0,,,0,0.096708,0.096708,2.125925,0.04549,1
461,0,0,0,2.180825,0,0,,,0,0.069571,0.069571,2.180826,0.031901,1
462,0,0,0,0.368042,0,0,,,0,0.112854,0.112854,0.368042,0.306633,1
463,0,0,0,1.150108,0,0,,,0,2.050555,2.050555,1.150108,1.782925,1
464,0,0,0,0.145333,0,0,,,0,6.571248,6.571248,0.145333,45.215141,1
465,0,0,0,0.258194,0,0,,,0,1.658396,1.658396,0.258194,6.423052,1
466,0,0,0,2.250929,0,0,,,0,0,0,0,0,1
467,0,0,0,2.888612,0,0,,,0,0,0,0,0,1
468,0,0,0,1.841352,0,0,,,0,0,0,0,0,1
469,0,0,0,0.106498,0,0,,,0,0,0,0,0,1
470,0,0,0,0.907581,0,0,,,0,0,0,0,0,1
471,0,0,0,1.171825,0,0,,,0,0,0,0,0,1
472,0,0,0,5.637547,0,0,,,0,1.903746,1.903746,5.637547,0.33769,1
473,0,0,0,4.130393,0,0,,,0,0.001395,0.001395,4.130393,0.000338,1
474,0,0,0,1.003885,0,0,,,0,0,0,0,0,1
475,0,0,0,0.292397,0,0,,,0,1.603389,1.603389,0.292397,5.483594,1
476,0,0,0,0.307405,0,0,,,0,0,0,0,0,1
477,0,0,0,2.152375,0,0,,,0,0,0,0,0,1
478,0,0,0,1.577836,0,0,,,0,11.378885,11.378885,1.577836,7.211703,1
479,0,0,0,1.012618,0,0,,,0,0,0,0,0,1
480,0,0,0,1.050581,0,0,,,0,0,0,0,0,1
481,0,0,0,0.57454,0,0,,,0,0.02354,0.02354,0.57454,0.040972,1
482,0,0,0,3.088064,0,0,,,0,0,0,0,0,1
483,0,0,0,2.100085,0,0,,,0,0,0,0,0,1
484,0,0,0,1.485925,0,0,,,0,0,0,0,0,1
485,0,0,0,0.31514,0,0,,,0,0,0,0,0,1
486,0,0,0,0.315027,0,0,,,0,0.000172,0.000172,0.315027,0.000546,1
487,0,0,0,0.667426,0,0,,,0,0.007301,0.007301,0.667426,0.010939,1
488,0,0,0,0.119623,0,0,,,0,0,0,0,0,1
489,0,0,0,1.959187,0,0,,,0,0.40801,0.40801,1.959187,0.208255,1
490,0,0,0,1.558455,0,0,,,0,0,0,0,0,1
491,0,0,0,2.371534,0,0,,,0,0,0,0,0,1
492,0,0,0,0.047595,0,0,,,0,1.650659,1.650659,0.047595,34.6812,1
493,0,0,0,0.864825,0,0,,,0,0,0,0,0,1
494,0,0,0,5.513252,0,0,,,0,0,0,0,0,1
495,0,0,0,2.047053,0,0,,,0,0,0,0,0,1
496,0,0,0,0.592028,0,0,,,0,0,0,0,0,1
497,0,0,0,1.157443,0,0,,,0,0.042223,0.042223,1.157443,0.03648,1
498,0,0,0,1.110834,0,0,,,0,0.206802,0.206802,1.110834,0.186168,1
499,0,0,0,1.360672,0,0,,,0,0,0,0,0,1
500,0,0,0,1.58596,0,0,,,0,0,0,0,0,1
501,0,0,0,0.545191,0,0,,,0,1.465776,1.465776,0.545191,2.688555,1
502,0,0,0,0.884385,0,0,,,0,0,0,0,0,1
503,0,0,0,3.643931,0,0,,,0,0,0,0,0,1
504,0,0,0,0.432147,0,0,,,0,0,0,0,0,1
505,0,0,0,1.853984,0,0,,,0,0,0,0,0,1
506,0,0,0,1.466812,0,0,,,0,2.486004,2.486004,1.466812,1.694835,1
507,0,0,0,1.041379,0,0,,,0,0,0,0,0,1
508,0,0,0,1.07209,0,0,,,0,0.132779,0.132779,1.07209,0.123851,1
509,0,0,0,0.381496,0,0,,,0,0.21617,0.21617,0.381496,0.566638,1
510,0,0,0,1.150657,0,0,,,0,0,0,0,0,1
511,0,0,0,1.114871,0,0,,,0,18.586619,18.586619,1.114871,16.671546,1
512,0,0,0,1.057903,0,0,,,0,15.475191,15.475191,1.057903,14.62818,1
513,0,0,0,0.943319,0,0,,,0,0.104441,0.104441,0.943319,0.110716,1
514,0,0,0,1.655553,0,0,,,0,0,0,0,0,1
515,0,0,0,2.502386,0,0,,,0,0,0,0,0,1
516,0,0,0,2.215249,0,0,,,0,0,0,0,0,1
517,0,0,0,3.06714,0,0,,,0,0,0,0,0,1
518,0,0,0,0.836117,0,0,,,0,0,0,0,0,1
519,0,0,0,0.364084,0,0,,,0,0,0,0,0,1
520,0,0,0,1.360911,0,0,,,0,0,0,0,0,1
521,0,0,0,0.584482,0,0,,,0,0,0,0,0,1
522,0,0,0,0.178215,0,0,,,0,0,0,0,0,1
523,0,0,0,0.297842,0,0,,,0,0,0,0,0,1
524,0,0,0,1.096172,0,0,,,0,0,0,0,0,1
525,0,0,0,1.195112,0,0,,,0,0,0,0,0,1
526,0,0,0,0.976689,0,0,,,0,0,0,0,0,1
527,0,0,0,0.820126,0,0,,,0,0,0,0,0,1
528,0,0,0,1.456111,0,0,,,0,0,0,0,0,1
529,0,0,0,0.117506,0,0,,,0,0,0,0,0,1
530,0,0,0,0.124626,0,0,,,0,4.966285,4.966285,0.124626,39.849487,1
531,0,0,0,1.096417,0,0,,,0,0,0,0,0,1
532,0,0,0,0.358994,0,0,,,0,0.062355,0.062355,0.358994,0.173694,1
533,0,0,0,1.102491,0,0,,,0,0,0,0,0,1
534,0,0,0,0.581748,0,0,,,0,0,0,0,0,1
535,0,0,0,0.432957,0,0,,,0,0,0,0,0,1
536,0,0,0,1.653843,0,0,,,0,23.617085,23.617085,1.653843,14.280125,1
537,0,0,0,1.071671,0,0,,,0,3.09192,3.09192,1.071671,2.885139,1
538,0,0,0,2.621779,0,0,,,0,0,0,0,0,1
539,0,0,0,1.189286,0,0,,,0,0,0,0,0,1
540,0,0,0,0.752417,0,0,,,0,0,0,0,0,1
541,0,0,0,2.636075,0,0,,,0,0,0,0,0,1
542,0,0,0,13.519788,0,0,,,0,0,0,0,0,1
543,0,0,0,16.349986,0,0,,,0,0,0,0,0,1
544,0,0,0,11.736374,0,0,,,0,0,0,0,0,1
545,0,0,0,1.038717,0,0,,,0,0.265287,0.265287,1.038717,0.255399,1
546,0,0,0,0.684162,0,0,,,0,0,0,0,0,1
547,0,0,0,0.445732,0,1,,,0,1.214423,1.214423,0.445732,2.724557,1
548,0,0,0,1.281202,0,0,,,0,0.933537,0.933537,1.281202,0.728641,1
549,0,0,0,1.078819,0,0,,,0,0,0,0,0,1
550,0,0,0,0.437169,0,0,,,0,0,0,0,0,1
551,0,0,0,4.993244,0,0,,,0,0,0,0,0,1
552,0,0,0,4.759717,0,0,,,0,0,0,0,0,1
553,0,0,0,1.146713,0,0,,,0,3.685448,3.685448,1.146713,3.213923,1
554,0,0,0,0.333261,0,1,,,0,2.169122,2.169122,0.333262,6.508769,1
555,0,0,0,0.333179,0,0,,,0,0.189336,0.189336,0.333179,0.568271,1
556,0,0,0,1.022643,0,0,,,0,0.108555,0.108555,1.022643,0.106151,1
557,0,0,0,1.005807,0,0,,,0,0.09836,0.09836,1.005807,0.097792,1
558,0,0,0,0.751714,0,0,,,0,0.083071,0.083071,0.751714,0.110509,1
559,0,0,0,0.666771,0,0,,,0,0.250399,0.250399,0.666771,0.37554,1
560,0,0,0,2.46834,0,0,,,0,4.046951,4.046951,2.46834,1.639544,1
561,0,0,0,3.502378,0,0,,,0,2.93435,2.93435,3.502378,0.837817,1
562,0,0,0,1.505044,0,0,,,0,0.083996,0.083996,1.505044,0.05581,1
563,0,0,0,5.509717,0,0,,,0,1.653978,1.653978,5.509717,0.300193,1
564,0,0,0,0.424539,0,0,,,0,0.599418,0.599418,0.424539,1.411926,1
565,0,0,0,1.88249,0,0,,,0,5.696412,5.696412,1.88249,3.025999,1
566,0,0,0,1.030396,0,0,,,0,1.597209,1.597209,1.030396,1.550093,1
567,0,0,0,1.1752,0,0,,,0,0.781835,0.781835,1.1752,0.665278,1
568,0,0,0,1.034467,0,0,,,0,0.17129,0.17129,1.034467,0.165583,1
569,0,0,0,1.070873,0,0,,,0,0.129377,0.129377,1.070873,0.120815,1
570,0,0,0,1.369806,0,0,,,0,0.095969,0.095969,1.369806,0.07006,1
571,0,0,0,1.017425,0,0,,,0,0.117069,0.117069,1.017425,0.115064,1
572,0,0,0,1.021201,0,0,,,0,0.079354,0.079354,1.021201,0.077707,1
573,0,0,0,1.024376,0,0,,,0,0.03582,0.03582,1.024376,0.034968,1
574,0,0,0,0.68956,0,0,,,0,0.003133,0.003133,0.68956,0.004543,1
575,0,0,0,0.414679,0,0,,,0,0.002766,0.002766,0.414679,0.00667,1
576,0,0,0,1.09443,0,0,,,0,0.06263,0.120057,1.09443,0.109698,1
577,0,0,0,0.469905,0,0,,,0,0.426546,0.428328,0.469905,0.91152,1
578,0,0,0,1.218404,0,0,,,0,4.77444,4.77444,1.218404,3.918603,1
579,0,0,0,0.876724,0,0,,,0,0,0,0,0,1
580,0,0,0,1.204814,0,0,,,0,0,0,0,0,1
581,0,0,0,0.252416,0,0,,,0,0,0,0,0,1
582,0,0,0,1.610233,0,0,,,0,2.268021,2.268021,1.610233,1.408505,1
583,0,0,0,1.797651,0,0,,,0,0,0,0,0,1
584,0,0,0,1.074282,0,0,,,0,0,0,0,0,1
585,0,0,0,0.782908,0,0,,,0,0,0,0,0,1
586,0,0,0,2.161737,0,0,,,0,0,0,0,0,1
587,0,0,0,0.120023,0,0,,,0,1.439885,1.439885,0.120023,11.996779,1
588,0,0,0,1.031679,0,0,,,0,0.484182,0.484182,1.031679,0.469315,1
589,0,0,0,1.039591,0,0,,,0,13.685316,13.685316,1.039591,13.164139,1
590,0,0,0,2.703007,0,0,,,0,0.006021,0.006021,2.703007,0.002228,1
591,0,0,0,4.791683,0,0,,,0,0.743364,0.743364,4.791683,0.155136,1
592,0,0,0,1.263632,0,0,,,0,0.077408,0.077408,1.263632,0.061258,1
593,0,0,0,1.331127,0,0,,,0,0,0,0,0,1
594,0,0,0,0.19759,0,0,,,0,0.334683,0.334683,0.19759,1.693828,1
595,0,0,0,0.222977,0,3,,,0,0,0,0,0,1
596,0,0,0,1.779376,0,0,,,0,0,0,0,0,1
597,0,0,0,0.717181,0,0,,,0,0,0,0,0,1
598,0,0,0,2.310269,0,0,,,0,0.134063,0.134063,2.310269,0.058029,1
599,0,0,0,0.502204,0,0,,,0,0,0,0,0,1
600,0,0,0,0.021718,0,0,,,0,0,0,0,0,1
601,0,0,0,1.483993,0,0,,,0,0.194952,0.194952,1.483993,0.13137,1
602,0,0,0,0,0,0,,,0,0,0,0,0,1
603,0,0,0,0.88659,0,0,,,0,0,0,0,0,1
604,0,0,0,0.949538,0,0,,,0,0,0,0,0,1
605,0,0,0,2.456912,0,0,,,0,0,0,0,0,1
606,0,0,0,1.726859,0,0,,,0,1.507315,1.507315,1.726859,0.872865,1
607,0,0,0,0.184481,0,0,,,0,0,0,0,0,1
608,0,0,0,0.692206,0,0,,,0,0.138364,0.138364,0.692206,0.199888,1
609,0,0,0,1.298589,0,0,,,0,0,0,0,0,1
610,0,0,0,0.205734,0,0,,,0,0.110868,0.110868,0.205734,0.53889,1
611,0,0,0,1.045901,0,0,,,0,0.032373,0.032373,1.045901,0.030952,1
612,0,0,0,1.02338,0,0,,,0,0,0,0,0,1
613,0,0,0,0.133162,0,0,,,0,0,0,0,0,1
614,0,0,0,1.69092,0,0,,,0,0,0,0,0,1
615,0,0,0,1.155017,0,0,,,0,0,0,0,0,1
616,0,0,0,1.2737,0,0,,,0,0,0,0,0,1
617,0,0,0,1.717134,0,0,,,0,0,0,0,0,1
618,0,0,0,2.659835,0,0,,,0,0,0,0,0,1
619,0,0,0,0.449478,0,0,,,0,13.249591,13.249591,0.449478,29.477747,1
620,0,0,0,1.517943,0,0,,,0,0,0,0,0,1
621,0,0,0,2.971202,0,0,,,0,0,0,0,0,1
622,0,0,0,1.911586,0,0,,,0,0,0,0,0,1
623,0,0,0,2.341193,0,0,,,0,0,0,0,0,1
624,0,0,0,2.95676,0,0,,,0,0,0,0,0,1
625,0,0,0,1.724632,0,0,,,0,0,0,0,0,1
626,0,0,0,1.596756,0,1,,,0,0,0,0,0,1
627,0,0,0,4.646595,0,0,,,0,0,0,0,0,1
628,0,0,0,0.235823,0,0,,,0,0,0,0,0,1
629,0,0,0,2.150323,0,0,,,0,0,0,0,0,1
630,0,0,0,2.974816,0,0,,,0,0,0,0,0,1
631,0,0,0,1.843974,0,0,,,0,0,0,0,0,1
632,0,0,0,0.750709,0,0,,,0,0.658228,0.658228,1.155649,0.569574,1
633,0,0,0,0.40494,0,1,,,0,0.053868,0.053868,0.40494,0.133027,1
634,0,0,0,0.968794,0,0,,,0,0,0,0,0,1
635,0,0,0,0.852157,0,0,,,0,0,0,0,0,1
636,0,0,0,2.225094,0,0,,,0,0,0,0,0,1
637,0,0,0,2.069676,0,0,,,0,0,0,0,0,1
638,0,0,0,0.140804,0,0,,,0,0,0,0,0,1
639,0,0,0,1.252023,0,0,,,0,0,0,0,0,1
640,0,0,0,0.14252,0,0,,,0,0,0,0,0,1
641,0,0,0,0.331859,0,0,,,0,0,0,0,0,1
642,0,0,0,1.81804,0,0,,,0,0,0,0,0,1
643,0,0,0,0.108969,0,0,,,0,0,0,0,0,1
644,0,0,0,0.563854,0,0,,,0,0,0,0,0,1
645,0,0,0,1.057746,0,0,,,0,0.596001,0.596001,1.057746,0.563463,1
646,0,0,0,0.369923,0,1,,,0,0.685198,0.685198,0.369923,1.852272,1
647,0,0,0,0.14199,0,0,,,0,0,0,0,0,1
648,0,0,0,0.344162,0,0,,,0,0,0,0,0,1
649,0,0,0,0.572234,0,0,,,0,0,0,0,0,1
650,0,0,0,0.445916,0,0,,,0,0,0,0,0,1
651,0,0,0,1.514085,0,0,,,0,0,0,0,0,1
652,0,0,0,1.020649,0,0,,,0,0,0,0,0,1
653,0,0,0,1.954098,0,0,,,0,3.03871,3.03871,1.954098,1.555045,1
654,0,0,0,0.1851,0,0,,,0,0,0,0,0,1
655,0,0,0,1.897078,0,0,,,0,0,0,0,0,1
656,0,0,0,0.549061,0,0,,,0,0,0,0,0,1
657,0,0,0,0.177697,0,0,,,0,0,0,0,0,1
658,0,0,0,0.074365,0,0,,,0,0,0,0,0,1
659,0,0,0,0.21532,0,0,,,0,0,0,0,0,1
660,0,0,0,1.067505,0,0,,,0,0,0,0,0,1
661,0,0,0,0.043522,0,0,,,0,0.00089,0.00089,0.043522,0.020449,1
662,0,0,0,1.222096,0,0,,,0,0,0,0,0,1
663,0,0,0,0.200809,0,0,,,0,0,0,0,0,1
664,0,0,0,1.128281,0,0,,,0,1.770254,1.770254,1.128281,1.568983,1
665,0,0,0,1.117525,0,0,,,0,0,0,0,0,1
666,0,0,0,1.302179,0,0,,,0,0,0,0,0,1
667,0,0,0,1.518643,0,0,,,0,0,0,0,0,1
668,0,0,0,0.697982,0,0,,,0,0,0,0,0,1
669,0,0,0,0.2436,0,0,,,0,0,0,0,0,1
670,0,0,0,0.167828,0,0,,,0,0,0,0,0,1
671,0,0,0,0.694412,0,0,,,0,0,0,0,0,1
672,0,0,0,1.492073,0,0,,,0,0,0,0,0,1
673,0,0,0,0.565991,0,0,,,0,0,0,0,0,1
674,0,0,0,1.761185,0,0,,,0,0,0,0,0,1
675,0,0,0,1.318495,0,0,,,0,0,0,0,0,1
676,0,0,0,0.652437,0,0,,,0,0,0,0,0,1
677,0,0,0,0.419464,0,1,,,0,1.972069,1.972069,0.419464,4.701401,1
678,11,4,0.060371,2.070536,0.060371,3,,,0,3.876712,3.876712,2.070536,1.872323,1
679,11,4,0.080115,1.560266,0.080115,2,,,0,0,0,0,0,1
680,11,1,0.001544,1.264658,0.001544,1,,,0,0.625,0.625,1.264658,0.494205,1
681,11,1,0.000998,1.957433,0.000998,2,,,0,3.55316,3.55316,1.957433,1.815214,1
682,11,1,0.000956,2.04221,0.000956,0,,,0,1.869803,1.869803,2.04221,0.915578,1
683,11,3,0.039926,0.782695,0.039926,3,,,0,4.182077,4.182077,0.782695,5.343174,1
684,11,2,0.005158,1.514637,0.005158,2,,,0,1.980547,1.980547,1.514637,1.307605,1
685,12,4,0.044356,1.409053,0.044356,4,,,0,9.619382,9.619382,1.409053,6.82684,1
686,12,1,0.000483,2.022688,0.000483,1,,,0,12.520253,12.520253,2.022688,6.18991,1
687,12,3,0.010268,1.52167,0.010268,2,,,0,12.569094,12.569094,1.52167,8.260064,1
688,12,5,0.105617,2.367046,0.105617,2,,,0,2.249517,3.179553,2.367046,1.343258,1
689,12,2,0.003672,1.063805,0.003672,0,,,0,1.934932,1.934932,1.063805,1.818878,1
690,12,1,0.000623,1.567173,0.000623,1,,,0,0,0,0,0,1
691,12,4,0.037082,1.685441,0.037082,1,,,0,0,0,0,0,1
692,12,1,0.000583,1.674623,0.000583,1,,,0,0.940052,0.940052,1.674623,0.561352,1
693,11,3,0.025821,1.21024,0.025821,1,,,0,0,0,0,0,1
694,12,1,0.001778,0.54918,0.001778,1,,,0,4.320205,4.320205,0.54918,7.866652,1
695,12,1,0.000672,1.453308,0.000672,3,,,0,0,0,0,0,1
696,12,3,0.007697,2.030062,0.007697,2,,,0,29.635137,29.635137,2.030062,14.598142,1
697,12,1,0.000621,1.573607,0.000621,1,,,0,2.688112,3.272365,1.573607,2.079532,1
698,12,3,0.008433,1.852853,0.008433,2,,,0,4.320205,4.320205,1.852853,2.331651,1
699,12,1,0.000802,1.217648,0.000802,1,,,0,4.31962,4.31962,1.217648,3.547512,1
700,12,1,0.00086,1.134907,0.00086,1,,,0,0,0,0,0,1
701,12,1,0.001089,0.897042,0.001089,1,,,0,0,0,0,0,1
702,12,4,0.028569,2.187721,0.028569,4,,,0,0.998803,0.998803,2.187721,0.45655,1
703,12,1,0.005153,0.189501,0.005153,0,,,0,0.250244,0.250244,0.189501,1.320541,1
704,12,2,0.012838,0.30427,0.012838,1,,,0,0,0,0,0,1
705,12,2,0.00265,1.473862,0.00265,3,,,0,0,0,0,0,1
706,12,1,0.001414,0.690881,0.001414,0,,,0,0,0,0,0,1
707,12,1,0.001064,0.917437,0.001064,1,,,0,0,0,0,0,1
708,12,2,0.001806,2.162552,0.001806,1,,,0,0,0,0,0,1
709,12,4,0.031495,1.984422,0.031495,2,,,0,0.899311,0.936634,1.984422,0.471993,1
710,12,1,0.000608,1.605394,0.000608,1,,,0,0.006568,0.006568,1.605394,0.004091,1
711,12,1,0.000854,1.143865,0.000854,1,,,0,0,0,0,0,1
712,12,1,0.001353,0.721892,0.001353,1,,,0,1.938054,1.938054,0.721892,2.684686,1
713,12,4,0.053006,1.179114,0.053006,2,,,0,0.009291,0.988608,1.179114,0.838433,1
714,12,1,0.000688,1.418839,0.000688,1,,,0,,,,,0
715,12,4,0.091199,0.685312,0.091199,2,,,0,,,,,0
716,11,1,0.010975,0.177958,0.010975,1,,,0,,,,,0
717,11,3,0.028623,1.091792,0.028623,3,,,0,,,,,0
718,11,2,0.006523,1.197654,0.006523,1,,,0,,,,,0
719,11,1,0.001784,1.094684,0.001784,1,,,0,,,,,0
720,11,1,0.001851,1.055038,0.001851,2,,,0,,,,,0
721,11,1,0.003834,0.509378,0.003834,1,,,0,,,,,0
722,11,3,0.031372,0.996106,0.031372,1,,,0,,,,,0
723,11,3,0.059905,0.521658,0.059905,2,,,0,,,,,0
724,11,4,0.056584,2.209116,0.056584,1,,,0,,,,,0
725,11,2,0.005392,1.448941,0.005392,2,,,0,,,,,0
726,11,3,0.023278,1.34247,0.023278,4,,,0,,,,,0
727,11,3,0.024751,1.262575,0.024751,2,,,0,,,,,0
728,11,1,0.003025,0.645573,0.003025,1,,,0,,,,,0
729,11,5,0.340415,1.468797,0.340415,5,,,0,,,,,0
730,11,3,0.081662,0.382676,0.081662,4,,,0,,,,,0
731,11,1,0.003948,0.494688,0.003948,1,,,0,,,,,0
732,11,6,1.412914,1.415514,1.412915,1,,,0,,,,,0
733,11,1,0.002524,0.773755,0.002524,1,,,0,,,,,0
734,10,1,0.005786,0.675091,0.005786,1,,,0,,,,,0
735,10,2,0.02402,0.650494,0.02402,1,,,0,,,,,0
736,10,2,0.139625,0.111907,0.139624,0,,,0,,,,,0
737,11,5,0.321839,1.55357,0.321839,4,,,0,,,,,0
738,11,1,0.000952,2.052099,0.000952,0,,,0,,,,,0
739,11,4,0.162244,0.770445,0.162244,3,,,0,,,,,0
740,11,5,0.168057,2.975175,0.168057,3,,,0,,,,,0
741,11,7,7.957064,1.005396,7.95706,7,,,0,,,,,0
742,11,3,0.027932,1.118772,0.027932,3,,,0,,,,,0
743,11,1,0.002389,0.817527,0.002389,2,,,0,,,,,0
744,11,1,0.007371,0.26499,0.007371,0,,,0,,,,,0
745,11,1,0.001639,1.191786,0.001639,1,,,0,,,,,0
746,11,3,0.031114,1.004387,0.031113,3,,,0,,,,,0
747,11,5,0.495942,1.008183,0.495942,4,,,0,,,,,0
748,11,2,0.007751,1.007931,0.007751,2,,,0,,,,,0
749,11,1,0.003454,0.565464,0.003454,1,,,0,,,,,0
750,11,1,0.004773,0.409207,0.004773,1,,,0,,,,,0
751,11,1,0.001919,1.017561,0.001919,1,,,0,,,,,0
752,11,5,0.684032,0.73096,0.684032,3,,,0,,,,,0
753,11,1,0.001781,1.09655,0.001781,1,,,0,,,,,0
754,11,1,0.001879,1.039679,0.001879,1,,,0,,,,,0
755,11,2,0.158276,0.04936,0.158277,2,,,0,,,,,0
756,11,1,0.001842,1.060587,0.001842,0,,,0,,,,,0
757,11,3,0.025871,1.207935,0.025871,3,,,0,,,,,0
758,11,2,0.006916,1.1296,0.006916,2,,,0,,,,,0
759,11,1,0.000796,2.453659,0.000796,1,,,0,,,,,0
760,11,1,0.000581,3.360586,0.000581,1,,,0,,,,,0
761,11,2,0.004244,1.841007,0.004244,1,,,0,,,,,0
762,11,1,0.003334,0.585875,0.003334,0,,,0,,,,,0
763,11,1,0.001831,1.066477,0.001831,1,,,0,,,,,0
764,11,2,0.016475,0.474195,0.016475,2,,,0,,,,,0
765,11,1,0.001598,1.222096,0.001598,1,,,0,,,,,0
766,11,2,0.007774,1.004908,0.007774,3,,,0,,,,,0
767,11,3,0.013299,2.349886,0.013299,2,,,0,,,,,0
768,11,4,0.277974,0.449683,0.277974,3,,,0,,,,,0
769,11,4,0.051545,2.425059,0.051545,2,,,0,,,,,0
770,11,4,0.140515,0.889587,0.140515,2,,,0,,,,,0
771,11,1,0.001791,1.090654,0.001791,1,,,0,,,,,0
772,11,1,0.002459,0.794369,0.002459,1,,,0,,,,,0
773,11,1,0.001778,1.098314,0.001778,1,,,0,,,,,0
774,14,1,0.000218,1.119036,0.000218,0,,,0,,,,,0
775,11,3,0.028104,1.111928,0.028104,3,,,0,,,,,0
776,11,1,0.003639,0.536777,0.003639,1,,,0,,,,,0
777,11,1,0.002797,0.698177,0.002797,1,,,0,,,,,0
778,14,4,0.132575,0.117858,0.132574,0,,,0,,,,,0
779,14,2,0.000634,1.539543,0.000634,2,,,0,,,,,0
780,14,2,0.000544,1.79667,0.000544,4,,,0,,,,,0
781,14,1,0.000146,1.670591,0.000146,3,,,0,,,,,0
782,14,4,0.008508,1.836588,0.008508,3,,,0,,,,,0
783,14,3,0.0023,1.698418,0.0023,2,,,0,,,,,0
784,14,1,0.012484,0.019556,0.012484,0,,,0,,,,,0
785,14,5,0.051162,1.221599,0.051162,1,,,0,,,,,0
786,14,1,0.000136,1.790696,0.000136,1,,,0,,,,,0
787,14,9,15.578781,1.027038,15.578777,5,,,0,,,,,0
788,14,2,0.000773,1.263914,0.000773,2,,,0,,,,,0
789,14,1,0.000369,0.661042,0.000369,1,,,0,,,,,0
790,14,1,0.000425,0.574871,0.000425,1,,,0,,,,,0
791,14,2,0.001072,0.910628,0.001072,2,,,0,,,,,0
792,12,8,5.647171,2.833277,5.647171,4,,,0,,,,,0
793,14,2,0.000892,1.095239,0.000892,2,,,0,,,,,0
794,14,2,0.00094,1.039346,0.00094,2,,,0,,,,,0
795,14,1,0.000228,1.06977,0.000228,1,,,0,,,,,0
796,14,6,0.115221,2.169739,0.115221,6,,,0,,,,,0
797,12,1,0.000948,1.030217,0.000948,1,,,0,,,,,0
798,13,4,0.032454,0.962896,0.032454,4,,,0,,,,,0
799,12,1,0.000931,1.048481,0.000931,1,,,0,,,,,0
800,13,5,0.098196,1.272967,0.098196,2,,,0,,,,,0
801,14,1,0.000379,0.644025,0.000379,1,,,0,,,,,0
802,14,1,0.000194,1.25816,0.000194,1,,,0,,,,,0
803,12,6,0.644896,1.550638,0.644896,5,,,0,,,,,0
804,14,6,0.188171,1.328581,0.188171,4,,,0,,,,,0
805,14,1,0.000266,0.918014,0.000266,0,,,0,,,,,0
806,12,5,0.20081,1.244957,0.20081,3,,,0,,,,,0
807,12,2,0.003422,1.141348,0.003422,2,,,0,,,,,0
808,14,2,0.002472,0.395116,0.002472,1,,,0,,,,,0
809,14,4,0.00645,2.422465,0.00645,4,,,0,,,,,0
810,14,4,0.004059,3.849585,0.004059,6,,,0,,,,,0
811,14,4,0.03679,0.424712,0.03679,1,,,0,,,,,0
812,14,1,0.000165,1.476983,0.000165,1,,,0,,,,,0
813,14,2,0.000951,1.027374,0.000951,2,,,0,,,,,0
814,14,1,0.000243,1.006158,0.000243,1,,,0,,,,,0
815,14,2,0.000629,1.552264,0.000629,2,,,0,,,,,0
816,14,2,0.000352,2.77757,0.000352,2,,,0,,,,,0
817,12,2,0.00299,1.306351,0.00299,1,,,0,,,,,0
818,14,4,0.016707,0.935239,0.016707,3,,,0,,,,,0
819,14,2,0.000946,1.03219,0.000946,2,,,0,,,,,0
820,12,2,0.003835,1.018555,0.003835,2,,,0,,,,,0
821,12,4,0.084155,0.742673,0.084155,1,,,0,,,,,0
822,14,3,0.004726,0.826628,0.004726,3,,,0,,,,,0
823,14,1,0.000082,2.991393,0.000082,1,,,0,,,,,0
824,14,2,0.000951,1.027121,0.000951,3,,,0,,,,,0
825,14,3,0.007407,0.527408,0.007407,4,,,0,,,,,0
826,14,6,0.119641,2.089592,0.119641,5,,,0,,,,,0
827,14,5,0.071543,0.873597,0.071543,0,,,0,,,,,0
828,14,1,0.000369,0.661758,0.000369,1,,,0,,,,,0
829,14,1,0.000086,2.847038,0.000086,1,,,0,,,,,0
830,12,1,0.000666,1.466384,0.000666,1,,,0,,,,,0
831,12,6,0.983012,1.017282,0.983012,3,0.2231,28,1,,,,,0
832,12,2,0.003952,0.988327,0.003952,2,0.0154,14,1,,,,,0
833,12,6,1.400735,0.713911,1.400734,2,0.0019,4,1,,,,,0
834,12,2,0.001416,2.758828,0.001416,2,0.2231,28,1,,,,,0
835,12,1,0.00218,0.447888,0.00218,1,0.2231,28,1,,,,,0
836,12,1,0.002597,0.375994,0.002597,1,0.0019,4,1,,,,,0
837,0,0,0,1.63769,0,0,,,0,0,0,0,0,1
838,0,0,0,1.028026,0,0,,,0,0,0,0,0,1
839,0,0,0,1.198316,0,0,,,0,0,0,0,0,1
840,0,0,0,0.032847,0,0,,,0,0,0,0,0,1
841,0,0,0,1.199522,0,0,,,0,0,0,0,0,1
842,0,0,0,1.660332,0,0,,,0,0,0,0,0,1
843,0,0,0,0.341631,0,0,,,0,0,0,0,0,1
844,0,0,0,1.801527,0,0,,,0,0,0,0,0,1
845,0,0,0,1.209749,0,0,,,0,0,0,0,0,1
846,0,0,0,0.966087,0,0,,,0,0,0,0,0,1
847,0,0,0,0.659192,0,0,,,0,3.334463,3.334463,0.659192,5.058407,1
848,0,0,0,0.869451,0,0,,,0,0,0,0,0,1
849,0,0,0,1.961756,0,0,,,0,0,0,0,0,1
850,0,0,0,0.673312,0,0,,,0,0,0,0,0,1
851,0,0,0,0.881397,0,0,,,0,5.292425,5.292425,0.881397,6.004587,1
852,0,0,0,0.393583,0,0,,,0,0,0,0,0,1
853,0,0,0,1.63882,0,0,,,0,0,0,0,0,1
854,0,0,0,1.767754,0,0,,,0,0,0,0,0,1
855,0,0,0,0.04156,0,0,,,0,0,0,0,0,1
856,0,0,0,2.419915,0,0,,,0,0,0,0,0,1
857,0,0,0,0.613774,0,0,,,0,0,0,0,0,1
858,0,0,0,0.766398,0,0,,,0,0,0,0,0,1
859,0,0,0,0.27216,0,2,,,0,0,0,0,0,1
860,0,0,0,1.308124,0,0,,,0,0.65225,0.65225,1.308124,0.498615,1
861,0,0,0,2.631827,0,0,,,0,0,0,0,0,1
862,0,0,0,0.660125,0,0,,,0,0,0,0,0,1
863,0,0,0,0.841547,0,0,,,0,0,0,0,0,1
864,0,0,0,1.406907,0,0,,,0,0,0,0,0,1
865,0,0,0,1.837228,0,0,,,0,0,0,0,0,1
866,0,0,0,1.539331,0,0,,,0,0,0,0,0,1
867,0,0,0,2.210732,0,0,,,0,0,0,0,0,1
868,0,0,0,0.521917,0,0,,,0,0,0,0,0,1
869,0,0,0,0.343325,0,0,,,0,0,0,0,0,1
870,0,0,0,0.609413,0,0,,,0,0,0,0,0,1
871,0,0,0,0.573278,0,0,,,0,0.020484,0.020484,0.573278,0.035731,1
872,0,0,0,0.091438,0,0,,,0,0,0,0,0,1
873,0,0,0,1.736245,0,0,,,0,0,0,0,0,1
874,0,0,0,0.041692,0,0,,,0,0,0,0,0,1
875,0,0,0,0.052879,0,0,,,0,0,0,0,0,1
876,0,0,0,1.208166,0,0,,,0,0,0,0,0,1
877,0,0,0,1.035631,0,0,,,0,0,0,0,0,1
878,0,0,0,1.098345,0,0,,,0,0,0,0,0,1
879,0,0,0,0.189912,0,0,,,0,0,0,0,0,1
880,0,0,0,1.719909,0,0,,,0,0,0,0,0,1
881,0,0,0,0.053918,0,0,,,0,0,0,0,0,1
882,0,0,0,0.197432,0,0,,,0,0,0,0,0,1
883,0,0,0,0.203065,0,0,,,0,0,0,0,0,1
884,0,0,0,1.210416,0,0,,,0,0,0,0,0,1
885,0,0,0,2.53455,0,0,,,0,0,0,0,0,1
886,0,0,0,0.516745,0,0,,,0,0,0,0,0,1
887,0,0,0,0.156056,0,0,,,0,0,0,0,0,1
888,0,0,0,0.595431,0,0,,,0,0,0,0,0,1
889,0,0,0,1.182495,0,0,,,0,0,0,0,0,1
890,0,0,0,0.677465,0,0,,,0,0,0,0,0,1
891,0,0,0,1.262352,0,0,,,0,0,0,0,0,1
892,0,0,0,0.019944,0,0,,,0,0,0,0,0,1
893,0,0,0,0.422838,0,0,,,0,0,0,0,0,1
894,0,0,0,0.763311,0,0,,,0,0,0,0,0,1
895,0,0,0,0.678871,0,0,,,0,0,0,0,0,1
896,0,0,0,0.984035,0,0,,,0,,,,,0
897,0,0,0,2.286593,0,0,,,0,,,,,0
898,0,0,0,1.078769,0,0,,,0,,,,,0
899,0,0,0,0.156237,0,0,,,0,,,,,0
900,0,0,0,0.64804,0,0,,,0,,,,,0
901,0,0,0,1.156032,0,0,,,0,,,,,0
902,0,0,0,1.236128,0,0,,,0,,,,,0
903,0,0,0,0.931282,0,0,,,0,,,,,0
904,0,0,0,1.205084,0,0,,,0,,,,,0
905,0,0,0,1.079965,0,0,,,0,,,,,0
906,0,0,0,0.96892,0,0,,,0,,,,,0
907,0,0,0,0.738858,0,0,,,0,,,,,0
908,0,0,0,1.198086,0,0,,,0,,,,,0
909,0,0,0,1.117106,0,0,,,0,,,,,0
910,0,0,0,0.136083,0,0,,,0,,,,,0
911,0,0,0,1.124214,0,0,,,0,,,,,0
912,0,0,0,1.258311,0,0,,,0,,,,,0
913,0,0,0,0.164294,0,0,,,0,,,,,0
914,0,0,0,1.203935,0,0,,,0,,,,,0
915,0,0,0,0.418448,0,0,,,0,,,,,0
916,0,0,0,0.213105,0,0,,,0,,,,,0
917,0,0,0,1.228849,0,0,,,0,,,,,0
918,0,0,0,0.317554,0,0,,,0,,,,,0
919,0,0,0,1.043268,0,0,,,0,,,,,0
920,0,0,0,0.614449,0,0,,,0,,,,,0
921,0,0,0,1.191396,0,0,,,0,,,,,0
922,0,0,0,0.106387,0,0,,,0,,,,,0
923,0,0,0,1.289846,0,0,,,0,,,,,0
924,0,0,0,0.390973,0,0,,,0,,,,,0
925,0,0,0,0.895044,0,0,,,0,,,,,0
926,0,0,0,1.041876,0,0,,,0,,,,,0
927,0,0,0,0.918474,0,0,,,0,,,,,0
928,0,0,0,0.36131,0,0,,,0,,,,,0
929,0,0,0,1.232693,0,0,,,0,,,,,0
930,0,0,0,0.21704,0,0,,,0,,,,,0
931,0,0,0,1.327232,0,0,,,0,,,,,0
932,0,0,0,0.105798,0,0,,,0,,,,,0
933,0,0,0,1.221559,0,0,,,0,,,,,0
934,0,0,0,0.39577,0,0,,,0,,,,,0
935,0,0,0,1.038975,0,0,,,0,,,,,0
936,0,0,0,1.199235,0,0,,,0,,,,,0
937,0,0,0,1.318226,0,1,,,0,,,,,0
938,0,0,0,0.309623,0,0,,,0,,,,,0
939,0,0,0,0.882902,0,0,,,0,,,,,0
940,0,0,0,1.155042,0,0,,,0,,,,,0
941,0,0,0,0.336166,0,0,,,0,,,,,0
942,0,0,0,0.902177,0,0,,,0,,,,,0
943,0,0,0,1.063643,0,0,,,0,,,,,0
944,0,0,0,1.031441,0,0,,,0,,,,,0
945,0,0,0,0.193854,0,0,,,0,,,,,0
946,0,0,0,0.924122,0,0,,,0,,,,,0
947,0,0,0,1.130214,0,0,,,0,,,,,0
948,0,0,0,0.287283,0,0,,,0,,,,,0
949,0,0,0,0.844265,0,0,,,0,,,,,0
950,0,0,0,1.19827,0,0,,,0,,,,,0
951,0,0,0,0.134107,0,0,,,0,,,,,0
952,0,0,0,1.050569,0,0,,,0,,,,,0
953,0,0,0,1.049338,0,0,,,0,,,,,0
954,0,0,0,1.161675,0,0,,,0,,,,,0
955,0,0,0,0.256586,0,0,,,0,,,,,0
956,0,0,0,1.002401,0,0,,,0,,,,,0
957,0,0,0,1.003591,0,0,,,0,,,,,0
958,0,0,0,2.948753,0,0,,,0,,,,,0
959,0,0,0,0.895461,0,0,,,0,,,,,0
960,0,0,0,0.488591,0,0,,,0,,,,,0
961,0,0,0,1.339119,0,0,,,0,,,,,0
962,0,0,0,1.386183,0,0,,,0,,,,,0
963,0,0,0,0.705245,0,0,,,0,,,,,0
964,0,0,0,5.409082,0,0,,,0,,,,,0
965,0,0,0,1.647705,0,0,,,0,,,,,0
966,0,0,0,0.021041,0,0,,,0,,,,,0
967,0,0,0,1.814132,0,0,,,0,,,,,0
968,0,0,0,1.997619,0,0,,,0,,,,,0
969,0,0,0,0.139232,0,0,,,0,,,,,0
970,0,0,0,1.125582,0,0,,,0,,,,,0
971,0,0,0,1.092742,0,0,,,0,,,,,0
972,0,0,0,0.370522,0,0,,,0,,,,,0
973,0,0,0,0.950882,0,0,,,0,,,,,0
974,0,0,0,5.310675,0,0,,,0,,,,,0
975,0,0,0,1.402526,0,0,,,0,,,,,0
976,0,0,0,0.302482,0,0,,,0,,,,,0
977,0,0,0,0.757046,0,0,,,0,,,,,0
978,0,0,0,0.746668,0,0,,,0,,,,,0
979,0,0,0,1.208475,0,0,,,0,,,,,0
980,0,0,0,3.870115,0,0,,,0,,,,,0
981,0,0,0,4.100932,0,0,,,0,,,,,0
982,0,0,0,1.091135,0,0,,,0,,,,,0
983,0,0,0,0.32798,0,0,,,0,,,,,0
984,0,0,0,1.049741,0,0,,,0,,,,,0
985,0,0,0,1.056276,0,0,,,0,,,,,0
986,0,0,0,0.164726,0,0,,,0,,,,,0
987,0,0,0,0.984532,0,0,,,0,,,,,0
988,0,0,0,1.149499,0,0,,,0,,,,,0
989,0,0,0,0.092725,0,0,,,0,,,,,0
990,0,0,0,1.122039,0,0,,,0,,,,,0
991,0,0,0,0.203916,0,0,,,0,,,,,0
992,0,0,0,1.264494,0,0,,,0,,,,,0
993,0,0,0,0.116804,0,0,,,0,,,,,0
994,0,0,0,0.361872,0,0,,,0,,,,,0
995,0,0,0,2.882779,0,0,,,0,,,,,0
996,0,0,0,1.843932,0,0,,,0,,,,,0
997,0,0,0,0.498967,0,0,,,0,,,,,0
998,0,0,0,0.983363,0,0,,,0,,,,,0
999,0,0,0,1.824178,0,0,,,0,,,,,0
1000,0,0,0,0.392337,0,0,,,0,,,,,0
1001,0,0,0,0.493875,0,0,,,0,,,,,0
1002,0,0,0,0.528192,0,0,,,0,,,,,0
1003,0,0,0,1.610955,0,0,,,0,,,,,0
1004,0,0,0,0.328534,0,0,,,0,,,,,0
1005,0,0,0,1.003283,0,0,,,0,,,,,0
1006,0,0,0,1.520231,0,0,,,0,,,,,0
1007,0,0,0,2.320741,0,0,,,0,,,,,0
1008,0,0,0,1.807366,0,0,,,0,,,,,0
1009,0,0,0,0.883058,0,0,,,0,,,,,0
1010,0,0,0,0.575673,0,0,,,0,,,,,0
1011,0,0,0,1.960339,0,0,,,0,,,,,0
1012,0,0,0,2.893787,0,0,,,0,,,,,0
1013,0,0,0,3.9268,0,0,,,0,,,,,0
1014,0,0,0,0.403322,0,0,,,0,,,,,0
1015,0,0,0,0.795405,0,0,,,0,,,,,0
1016,0,0,0,0.378958,0,0,,,0,,,,,0
1017,0,0,0,0.677418,0,0,,,0,,,,,0
1018,0,0,0,0.482241,0,0,,,0,,,,,0
1019,0,0,0,2.124093,0,0,,,0,,,,,0
1020,0,0,0,0.17211,0,0,,,0,,,,,0
1021,0,0,0,1.225633,0,0,,,0,,,,,0
1022,0,0,0,1.789873,0,0,,,0,,,,,0
1023,0,0,0,0.128623,0,0,,,0,,,,,0
1024,0,0,0,1.243786,0,0,,,0,,,,,0
1025,0,0,0,1.044111,0,0,,,0,,,,,0
1026,0,0,0,0.668022,0,0,,,0,,,,,0
1027,0,0,0,0.799151,0,0,,,0,,,,,0
1028,0,0,0,1.21256,0,0,,,0,,,,,0
1029,0,0,0,0.624313,0,0,,,0,,,,,0
1030,0,0,0,1.126394,0,0,,,0,,,,,0
1031,0,0,0,1.249543,0,0,,,0,,,,,0
1032,0,0,0,0.932225,0,0,,,0,,,,,0
1033,0,0,0,1.166435,0,0,,,0,,,,,0
1034,0,0,0,0.001296,0,0,,,0,,,,,0
1035,0,0,0,1.177035,0,0,,,0,,,,,0
1036,0,0,0,0.223162,0,0,,,0,,,,,0
1037,0,0,0,0.871883,0,0,,,0,,,,,0
1038,0,0,0,0.194578,0,0,,,0,,,,,0
1039,0,0,0,0.774658,0,0,,,0,,,,,0
1040,0,0,0,0.510544,0,0,,,0,,,,,0
1041,0,0,0,1.102929,0,0,,,0,,,,,0
1042,0,0,0,1.065007,0,0,,,0,,,,,0
1043,0,0,0,0.359296,0,0,,,0,,,,,0
1044,0,0,0,1.353902,0,0,,,0,,,,,0
1045,0,0,0,0.611971,0,0,,,0,,,,,0
1046,0,0,0,0.317913,0,0,,,0,,,,,0
1047,0,0,0,0.229166,0,0,,,0,,,,,0
1048,0,0,0,1.165414,0,0,,,0,,,,,0
1049,0,0,0,0.480651,0,0,,,0,,,,,0
1050,0,0,0,0.76615,0,0,,,0,,,,,0
1051,0,0,0,1.251862,0,0,,,0,,,,,0
1052,0,0,0,2.083863,0,0,,,0,,,,,0
1053,0,0,0,1.243755,0,0,,,0,,,,,0
1054,0,0,0,1.175686,0,0,,,0,,,,,0
1055,0,0,0,0.69103,0,0,,,0,,,,,0
1056,0,0,0,0.319161,0,0,,,0,,,,,0
1057,0,0,0,4.6093,0,0,,,0,,,,,0
1058,0,0,0,2.70932,0,0,,,0,,,,,0
1059,0,0,0,0.138838,0,0,,,0,,,,,0
1060,0,0,0,1.354819,0,0,,,0,,,,,0
1061,0,0,0,0.320192,0,0,,,0,,,,,0
1062,0,0,0,1.065647,0,0,,,0,,,,,0
1063,0,0,0,0.086715,0,0,,,0,,,,,0
1064,0,0,0,0.816838,0,0,,,0,,,,,0
1065,0,0,0,1.274737,0,0,,,0,,,,,0
1066,0,0,0,0.707931,0,0,,,0,,,,,0
1067,0,0,0,0.602209,0,0,,,0,,,,,0
1068,0,0,0,0.072698,0,0,,,0,,,,,0
1069,0,0,0,1.037869,0,0,,,0,,,,,0
1070,0,0,0,0.105127,0,0,,,0,,,,,0
1071,0,0,0,0.787338,0,0,,,0,,,,,0
1072,0,0,0,0.322581,0,0,,,0,,,,,0
1073,0,0,0,0.446429,0,0,,,0,,,,,0
1074,0,0,0,1.287264,0,0,,,0,,,,,0
1075,0,0,0,1.223068,0,0,,,0,,,,,0
1076,0,0,0,0.550383,0,0,,,0,,,,,0
1077,0,0,0,1.127229,0,0,,,0,,,,,0
1078,0,0,0,1.216028,0,0,,,0,,,,,0
1079,0,0,0,0.762371,0,1,,,0,,,,,0
1080,0,0,0,1.098252,0,0,,,0,,,,,0
1081,0,0,0,0.651342,0,0,,,0,,,,,0
1082,0,0,0,0.806189,0,0,,,0,,,,,0
1083,0,0,0,0.285533,0,0,,,0,,,,,0
1084,0,0,0,0.015239,0,0,,,0,,,,,0
1085,0,0,0,1.038123,0,0,,,0,,,,,0
1086,0,0,0,1.266814,0,0,,,0,,,,,0
1087,0,0,0,0.08529,0,0,,,0,,,,,0
1088,0,0,0,1.011564,0,0,,,0,,,,,0
1089,0,0,0,1.023763,0,0,,,0,,,,,0
1090,0,0,0,0.898743,0,0,,,0,,,,,0
1091,0,0,0,2.062991,0,0,,,0,,,,,0
1092,0,0,0,1.10324,0,0,,,0,,,,,0
1093,0,0,0,1.929769,0,0,,,0,,,,,0
1094,0,0,0,3.609282,0,0,,,0,,,,,0
1095,0,0,0,0,0,0,,,0,,,,,0
1096,0,0,0,1.064055,0,0,,,0,,,,,0
1097,0,0,0,0.249179,0,0,,,0,,,,,0
1098,0,0,0,1.448923,0,0,,,0,,,,,0
1099,0,0,0,1.097228,0,0,,,0,,,,,0
1100,0,0,0,0.442192,0,0,,,0,,,,,0
1101,0,0,0,11.424246,0,0,,,0,,,,,0
1102,0,0,0,0.551541,0,0,,,0,,,,,0
1103,0,0,0,1.32552,0,3,,,0,,,,,0
1104,0,0,0,1.008009,0,0,,,0,,,,,0
1105,0,0,0,3.183412,0,0,,,0,,,,,0
1106,0,0,0,1.118251,0,0,,,0,,,,,0
1107,0,0,0,1.093405,0,0,,,0,,,,,0
1108,0,0,0,1.179039,0,0,,,0,,,,,0
1109,0,0,0,0.243747,0,0,,,0,,,,,0
1110,0,0,0,0.112127,0,0,,,0,,,,,0
1111,0,0,0,0.250652,0,0,,,0,,,,,0
1112,0,0,0,1.332789,0,0,,,0,,,,,0
1113,0,0,0,1.541262,0,0,,,0,,,,,0
1114,0,0,0,2.178467,0,0,,,0,,,,,0
1115,0,0,0,5.407079,0,0,,,0,,,,,0
1116,0,0,0,1.159834,0,0,,,0,,,,,0
1117,0,0,0,0.039092,0,0,,,0,,,,,0
1118,0,0,0,0.064495,0,0,,,0,,,,,0
1119,0,0,0,1.959284,0,0,,,0,,,,,0
1120,0,0,0,5.449738,0,0,,,0,,,,,0
1121,0,0,0,2.211424,0,0,,,0,,,,,0
1122,0,0,0,0.075342,0,0,,,0,,,,,0
1123,0,0,0,1.367613,0,0,,,0,,,,,0
1124,0,0,0,1.138731,0,0,,,0,,,,,0
1125,0,0,0,1.045068,0,0,,,0,,,,,0
1126,0,0,0,2.559703,0,0,,,0,,,,,0
1127,0,0,0,0.103598,0,0,,,0,,,,,0
1128,0,0,0,0.239761,0,0,0.2231,28,1,,,,,0
1129,0,0,0,0.157727,0,0,,,0,,,,,0
1130,0,0,0,0.542431,0,0,0.0154,14,1,,,,,0
1131,0,0,0,0.410864,0,1,0.0019,4,1,,,,,0
1132,0,0,0,1.083785,0,0,0.0019,4,1,,,,,0
1133,12,5,0.191094,1.308256,0.191094,4,0.05,6,1,,,,,0
1134,12,1,0.00057,1.712726,0.00057,1,0.05,6,1,,,,,0
1135,12,1,0.000856,1.141221,0.000856,1,0,0,1,,,,,0
1136,12,1,0.001019,0.957929,0.001019,1,2.3808,203,1,,,,,0
1137,12,8,12.357913,1.294717,12.357914,6,2.3808,203,1,,,,,0
1138,12,3,0.01454,1.07465,0.01454,3,0.0077,19,1,,,,,0
1139,12,4,0.109397,0.571315,0.109397,1,0.0077,19,1,,,,,0
1140,12,7,3.682261,1.086289,3.68226,2,0.0904,298,1,,,,,0
1141,12,3,0.014493,1.078071,0.014493,2,0.0904,298,1,,,,,0
1142,12,1,0.000951,1.026621,0.000951,1,0.0904,298,1,,,,,0
1143,12,1,0.000428,2.279621,0.000428,1,0.0269,36,1,,,,,0
1144,12,1,0.000647,1.510419,0.000647,1,0.0269,36,1,,,,,0
1145,12,2,0.003107,1.257231,0.003107,3,0.0269,36,1,,,,,0
1146,12,3,0.007901,1.977598,0.007901,0,0.1538,45,1,,,,,0
1147,12,1,0.005113,0.190987,0.005113,0,0.0173,50,1,,,,,0
1148,12,1,0.00054,1.808634,0.00054,1,0.0904,298,1,,,,,0
1149,12,1,0.001073,0.910432,0.001073,1,0.0269,36,1,,,,,0
1150,12,1,0.000649,1.504727,0.000649,1,0.0269,36,1,,,,,0
1151,12,5,0.266085,0.939549,0.266085,1,0.0269,36,1,,,,,0
1152,12,5,0.265741,0.940767,0.265741,6,0.075,27,1,,,,,0
1153,12,1,0.000554,1.762034,0.000554,0,0.0173,50,1,,,,,0
1154,12,5,0.227833,1.097295,0.227833,3,0.0173,50,1,,,,,0
1155,12,1,0.001056,0.924779,0.001056,1,0.0077,6,1,,,,,0
1156,12,2,0.002906,1.344214,0.002906,1,0.0269,36,1,,,,,0
1157,12,1,0.001098,0.889801,0.001098,1,0.0269,26,1,,,,,0
1158,12,3,0.018807,0.830829,0.018807,2,0.0077,4,1,,,,,0
1159,12,1,0.000562,1.737326,0.000562,0,0,0,1,,,,,0
1160,12,2,0.002772,1.409201,0.002772,1,0,0,1,,,,,0
1161,12,2,0.0027,1.446921,0.0027,2,0.0077,4,1,,,,,0
1162,12,1,0.0009,1.085214,0.0009,0,0.0077,4,1,,,,,0
1163,12,4,0.036926,1.692582,0.036926,3,0.0019,2,1,,,,,0
1164,12,6,0.585117,1.70906,0.585117,6,0.0615,88,1,,,,,0
1165,12,3,0.014876,1.050372,0.014876,1,0.0615,88,1,,,,,0
1166,12,1,0.00044,2.221494,0.00044,1,0.0115,5,1,,,,,0
1167,12,5,0.112686,2.21856,0.112686,4,0.0019,2,1,,,,,0
1168,12,3,0.007009,2.229298,0.007009,1,0,0,1,,,,,0
1169,12,4,0.04971,1.257286,0.04971,3,7.1846,1582,1,,,,,0
1170,12,1,0.000449,2.17378,0.000449,1,0.0615,88,1,,,,,0
1171,12,5,0.324023,0.77155,0.324023,1,0.3962,148,1,,,,,0
1172,12,4,0.054939,1.137633,0.054939,4,0.3962,148,1,,,,,0
1173,12,4,0.034893,1.791173,0.034893,2,1.1519,125,1,,,,,0
1174,12,1,0.002087,0.467851,0.002087,0,1.1519,125,1,,,,,0
1175,12,2,0.002792,1.399204,0.002792,2,0.0154,16,1,,,,,0
1176,12,3,0.019464,0.80278,0.019464,4,1.1519,125,1,,,,,0
1177,12,6,0.427072,2.341525,0.427072,5,1.1519,125,1,,,,,0
1178,12,4,0.020855,2.996903,0.020855,3,1.8346,174,1,,,,,0
1179,12,1,0.000447,2.184987,0.000447,1,0.0385,105,1,,,,,0
1180,12,1,0.001228,0.794953,0.001228,2,0.0385,105,1,,,,,0
1181,12,4,0.064045,0.975873,0.064045,2,1.8346,174,1,,,,,0
1182,12,1,0.00028,3.487834,0.00028,1,1.8346,174,1,,,,,0
1183,12,5,0.211752,1.180625,0.211752,3,1.8346,174,1,,,,,0
1184,12,2,0.001984,1.969307,0.001984,2,0.0038,2,1,,,,,0
1185,12,6,0.439903,2.273231,0.439903,2,0.0385,105,1,,,,,0
1186,12,7,5.338978,0.749207,5.338978,4,0.1269,36,1,,,,,0
1187,12,1,0.002679,0.364506,0.002679,1,0.0038,2,1,,,,,0
1188,12,1,0.000402,2.428946,0.000402,1,0.6885,230,1,,,,,0
1189,12,1,0.000747,1.307248,0.000747,1,0.0385,105,1,,,,,0
1190,12,4,0.088264,0.708106,0.088264,1,0.6885,230,1,,,,,0
1191,12,4,0.123434,0.506342,0.123434,3,0.6885,230,1,,,,,0
1192,12,6,0.215483,4.640747,0.215483,3,0.975,494,1,,,,,0
1193,12,5,0.308822,0.809529,0.308822,4,0.3365,88,1,,,,,0
1194,12,3,0.017643,0.885605,0.017643,0,0.3365,88,1,,,,,0
1195,12,2,0.003659,1.067535,0.003659,2,0.0019,4,1,,,,,0
1196,12,4,0.056371,1.108734,0.056371,3,0.0019,4,1,,,,,0
1197,12,1,0.000605,1.615264,0.000605,1,2.5365,204,1,,,,,0
1198,12,1,0.000291,3.359675,0.000291,1,0.975,494,1,,,,,0
1199,12,3,0.013743,1.136973,0.013743,4,0.3365,88,1,,,,,0
1200,12,5,0.230438,1.084892,0.230438,4,0.1923,236,1,,,,,0
1201,12,5,0.099798,2.505061,0.099798,2,6.8038,481,1,,,,,0
1202,12,1,0.001051,0.929442,0.001051,1,0.0692,506,1,,,,,0
1203,12,1,0.001128,0.865953,0.001128,1,0.0769,83,1,,,,,0
1204,12,5,0.07618,3.281693,0.07618,4,0.0654,5,1,,,,,0
1205,12,1,0.00909,0.107431,0.00909,0,,,0,,,,,0
1206,12,1,0,0,0,0,,,0,,,,,0
1207,12,7,1.422012,2.812916,1.422012,4,7.4038,775,1,,,,,0
1208,12,1,0.000247,3.957425,0.000247,0,2.2269,171,1,,,,,0
1209,12,1,0.000288,3.385943,0.000288,2,2.2269,171,1,,,,,0
1210,12,1,0.000959,1.018117,0.000959,1,0.0692,506,1,,,,,0
1211,12,3,0.024299,0.643021,0.024299,3,0.075,95,1,,,,,0
1212,12,2,0.001684,2.320055,0.001684,2,0.075,95,1,,,,,0
1213,12,1,0.000453,2.155061,0.000453,1,0.075,95,1,,,,,0
1214,12,3,0.031913,0.489619,0.031913,0,0.0712,291,1,,,,,0
1215,12,4,0.086489,0.722639,0.086489,0,0.0712,291,1,,,,,0
1216,12,2,0.003751,1.041395,0.003751,1,0.0712,291,1,,,,,0
1217,12,8,15.798365,1.012763,15.798373,6,,,0,,,,,0
1218,12,1,0.000857,1.138919,0.000857,1,,,0,,,,,0
1219,12,6,0.949176,1.053545,0.949176,2,,,0,,,,,0
1220,12,4,1.146516,0.054513,1.146514,4,,,0,,,,,0
1221,12,2,0.002047,1.908113,0.002047,2,1.2115,132,1,,,,,0
1222,12,7,2.160803,1.851164,2.160803,2,1.2115,132,1,,,,,0
1223,12,3,0.018266,0.855435,0.018266,1,7.4038,775,1,,,,,0
1224,12,1,0.000419,2.333035,0.000419,2,2.2058,144,1,,,,,0
1225,12,1,0.000672,1.452532,0.000672,1,0.0692,506,1,,,,,0
1226,12,6,0.521303,1.918269,0.521303,5,0.075,95,1,,,,,0
1227,12,3,0.021287,0.734021,0.021287,3,0.0712,291,1,,,,,0
1228,12,3,0.017541,0.890788,0.017541,1,,,0,,,,,0
1229,12,2,0.002475,1.578044,0.002475,3,1.2423,70,1,,,,,0
1230,12,1,0.000315,3.097576,0.000315,1,0.0269,60,1,,,,,0
1231,12,1,0.000963,1.014097,0.000963,1,0.0269,60,1,,,,,0
1232,12,2,0.006906,0.565601,0.006906,2,0,0,1,,,,,0
1233,12,1,0.000968,1.008611,0.000968,0,0.0288,80,1,,,,,0
1234,12,1,0.00211,0.4628,0.00211,0,0.0288,80,1,,,,,0
1235,12,1,0.003215,0.303758,0.003215,2,0.0692,506,1,,,,,0
1236,12,5,0.187896,1.330526,0.187896,2,0.0692,506,1,,,,,0
1237,12,1,0.000664,1.470249,0.000664,1,0.0712,291,1,,,,,0
1238,12,5,0.217783,1.147933,0.217783,3,,,0,,,,,0
1239,12,1,0.000339,2.884713,0.000339,1,,,0,,,,,0
1240,12,4,1.052366,0.05939,1.052359,0,,,0,,,,,0
1241,12,6,0.674833,1.481849,0.674833,5,,,0,,,,,0
1242,12,2,0.002829,1.381024,0.002829,2,0.0269,60,1,,,,,0
1243,12,1,0.000561,1.741851,0.000561,1,0.0269,60,1,,,,,0
1244,12,1,0.000964,1.01339,0.000964,1,0.4962,202,1,,,,,0
1245,12,5,0.340978,0.733185,0.340978,0,4.6788,383,1,,,,,0
1246,12,1,0.000862,1.133216,0.000862,1,0.0692,506,1,,,,,0
1247,12,4,0.052881,1.181891,0.052881,1,0.0692,506,1,,,,,0
1248,12,2,0.003632,1.075645,0.003632,4,0.0692,506,1,,,,,0
1249,12,4,0.045461,1.374803,0.045461,4,0.3962,265,1,,,,,0
1250,12,4,0.060765,1.028556,0.060765,1,0.0712,291,1,,,,,0
1251,12,5,0.189227,1.321164,0.189227,2,,,0,,,,,0
1252,12,2,0.002064,1.89246,0.002064,1,0.0827,12,1,,,,,0
1253,12,4,0.057475,1.087438,0.057475,1,5.5327,266,1,,,,,0
1254,12,1,0.000349,2.796921,0.000349,1,0.0269,60,1,,,,,0
1255,12,1,0.000573,1.703538,0.000573,1,0,0,1,,,,,0
1256,12,5,0.196004,1.275481,0.196004,3,0.4962,202,1,,,,,0
1257,12,3,0.009956,1.569387,0.009956,3,0.0038,26,1,,,,,0
1258,12,5,0.185331,1.348935,0.185331,5,5.6538,467,1,,,,,0
1259,12,4,0.062191,1.004969,0.062191,3,0.3962,265,1,,,,,0
1260,12,1,0.000954,1.024123,0.000954,1,0.3962,265,1,,,,,0
1261,12,4,0.041202,1.516918,0.041202,1,0.3962,265,1,,,,,0
1262,12,2,0.003624,1.077762,0.003624,2,,,0,,,,,0
1263,12,6,0.372438,2.685012,0.372438,2,0.0538,25,1,,,,,0
1264,12,1,0.000737,1.324194,0.000737,1,0.0538,25,1,,,,,0
1265,12,1,0.000919,1.062667,0.000919,1,0.4962,202,1,,,,,0
1266,12,4,0.065498,0.95423,0.065498,0,1.2288,104,1,,,,,0
1267,12,6,0.927412,1.078269,0.927412,4,5.6538,467,1,,,,,0
1268,12,1,0.001096,0.891167,0.001096,1,,,0,,,,,0
1269,12,2,0.003594,1.087025,0.003594,3,,,0,,,,,0
1270,12,2,0.00607,0.643564,0.00607,0,,,0,,,,,0
1271,12,1,0.000553,1.76459,0.000553,1,2.1173,2977,1,,,,,0
1272,12,1,0.00077,1.267818,0.00077,1,1.1731,170,1,,,,,0
1273,12,3,0.037976,0.411441,0.037976,4,,,0,,,,,0
1274,12,1,0.000918,1.063829,0.000918,0,,,0,,,,,0
1275,12,10,16.82,4.491708,56.993904,1,,,0,,,,,0
1276,12,3,0.017239,0.906399,0.017239,4,0.025,51,1,,,,,0
1277,12,3,0.034436,0.453735,0.034436,0,0.025,51,1,,,,,0
1278,12,2,0.002431,1.606717,0.002431,2,4.2385,405,1,,,,,0
1279,12,1,0.000835,1.169878,0.000835,3,,,0,,,,,0
1280,12,10,16.82,2.287094,111.93245,5,4.2385,405,1,,,,,0
1281,12,2,0.002632,1.483918,0.002632,2,0.0442,77,1,,,,,0
1282,12,1,0.000801,1.219115,0.000801,1,0.0442,77,1,,,,,0
1283,12,2,0.004321,0.904071,0.004321,1,0.3769,167,1,,,,,0
1284,12,1,0.002019,0.483677,0.002019,1,0.3769,167,1,,,,,0
1285,12,1,0.000731,1.336311,0.000731,1,0.1,15,1,,,,,0
1286,12,2,0.015354,0.254409,0.015354,0,0.4923,158,1,,,,,0
1287,12,6,0.420616,2.377468,0.420615,3,0.0865,168,1,,,,,0
1288,12,3,0.009965,1.568035,0.009965,1,1.1212,250,1,,,,,0
1289,12,4,0.058329,1.071509,0.058329,3,1.1212,250,1,,,,,0
1290,12,8,11.789959,1.357087,11.789955,3,2.4654,83,1,,,,,0
1291,12,2,0.002227,1.753814,0.002227,2,17.2904,1094,1,,,,,0
1292,12,8,9.607411,1.665381,9.607412,5,17.2904,1094,1,,,,,0
1293,12,1,0.000841,1.161297,0.000841,0,17.2904,1094,1,,,,,0
1294,12,7,2.201637,1.81683,2.201637,5,0.4923,158,1,,,,,0
1295,12,5,0.112885,2.214641,0.112885,5,0.2558,148,1,,,,,0
1296,12,4,0.027757,2.251659,0.027757,3,1.275,199,1,,,,,0
1297,12,2,0.001909,2.046576,0.001909,2,0.1058,24,1,,,,,0
1298,12,1,0.000605,1.614165,0.000605,1,1.4942,287,1,,,,,0
1299,12,5,0.564091,0.443191,0.564091,1,0.0596,10,1,,,,,0
1300,0,0,0,0.095714,0,0,0.05,6,1,,,,,0
1301,0,0,0,0.268047,0,0,0,0,1,,,,,0
1302,0,0,0,0.750479,0,0,0,0,1,,,,,0
1303,0,0,0,0.582221,0,0,0,0,1,,,,,0
1304,0,0,0,0.670368,0,0,0,0,1,,,,,0
1305,0,0,0,0.709367,0,0,2.3808,203,1,,,,,0
1306,0,0,0,1.398238,0,0,2.3808,203,1,,,,,0
1307,0,0,0,0.00228,0,0,2.3808,203,1,,,,,0
1308,0,0,0,1.368731,0,0,2.3808,203,1,,,,,0
1309,0,0,0,0.105961,0,0,0.0077,19,1,,,,,0
1310,0,0,0,1.361877,0,0,0.0077,19,1,,,,,0
1311,0,0,0,0.068532,0,0,0.0077,19,1,,,,,0
1312,0,0,0,1.394396,0,0,0.0077,19,1,,,,,0
1313,0,0,0,0.282017,0,0,0.0077,19,1,,,,,0
1314,0,0,0,0.757588,0,1,0.0077,19,1,,,,,0
1315,0,0,0,1.343005,0,0,0.0077,19,1,,,,,0
1316,0,0,0,1.020112,0,0,0.0077,19,1,,,,,0
1317,0,0,0,1.022739,0,0,0.0904,298,1,,,,,0
1318,0,0,0,0.81189,0,0,0.0904,298,1,,,,,0
1319,0,0,0,2.250186,0,0,0.0904,298,1,,,,,0
1320,0,0,0,0.949856,0,0,0.0269,36,1,,,,,0
1321,0,0,0,0.902055,0,0,0.0904,298,1,,,,,0
1322,0,0,0,0.351565,0,0,0.0904,298,1,,,,,0
1323,0,0,0,1.141929,0,0,0.0269,36,1,,,,,0
1324,0,0,0,2.930824,0,0,0.0269,36,1,,,,,0
1325,0,0,0,1.458896,0,0,0.0904,298,1,,,,,0
1326,0,0,0,0.999393,0,0,0.0269,36,1,,,,,0
1327,0,0,0,0.773248,0,0,0.0173,50,1,,,,,0
1328,0,0,0,1.757205,0,0,0.0904,298,1,,,,,0
1329,0,0,0,0.282966,0,0,0.0269,36,1,,,,,0
1330,0,0,0,0.209332,0,0,0.0269,36,1,,,,,0
1331,0,0,0,1.254933,0,0,0.0173,50,1,,,,,0
1332,0,0,0,1.303256,0,0,0.0173,50,1,,,,,0
1333,0,0,0,0.069106,0,0,0.0173,50,1,,,,,0
1334,0,0,0,1.84322,0,0,0.0269,36,1,,,,,0
1335,0,0,0,2.399686,0,0,0.0269,36,1,,,,,0
1336,0,0,0,1.054966,0,0,0.0269,36,1,,,,,0
1337,0,0,0,0.867717,0,0,0.0269,36,1,,,,,0
1338,0,0,0,0.586287,0,0,0.0269,26,1,,,,,0
1339,0,0,0,0.629761,0,0,0,0,1,,,,,0
1340,0,0,0,0.105328,0,0,0.075,27,1,,,,,0
1341,0,0,0,1.07104,0,0,0.075,27,1,,,,,0
1342,0,0,0,1.343789,0,1,0,0,1,,,,,0
1343,0,0,0,0.317919,0,0,0.0269,26,1,,,,,0
1344,0,0,0,0.273793,0,0,0.0077,4,1,,,,,0
1345,0,0,0,0.237779,0,0,0.0019,2,1,,,,,0
1346,0,0,0,2.622968,0,0,0,0,1,,,,,0
1347,0,0,0,1.600089,0,0,0,0,1,,,,,0
1348,0,0,0,1.503352,0,0,0,0,1,,,,,0
1349,0,0,0,0.286874,0,0,0.0269,26,1,,,,,0
1350,0,0,0,1.044519,0,0,0.0077,4,1,,,,,0
1351,0,0,0,1.203498,0,0,0.0077,4,1,,,,,0
1352,0,0,0,0.24282,0,0,0.0077,4,1,,,,,0
1353,0,0,0,0.595832,0,0,0.0019,2,1,,,,,0
1354,0,0,0,0.851103,0,0,0.0019,2,1,,,,,0
1355,0,0,0,1.567951,0,0,0,0,1,,,,,0
1356,0,0,0,1.193214,0,0,0,0,1,,,,,0
1357,0,0,0,0.154351,0,0,0.0077,4,1,,,,,0
1358,0,0,0,0.969126,0,0,0.0615,88,1,,,,,0
1359,0,0,0,0.944236,0,0,0.0115,5,1,,,,,0
1360,0,0,0,1.336305,0,0,0.0115,5,1,,,,,0
1361,0,0,0,0.383837,0,0,0,0,1,,,,,0
1362,0,0,0,1.090763,0,0,0,0,1,,,,,0
1363,0,0,0,0.914015,0,1,0,0,1,,,,,0
1364,0,0,0,1.044539,0,0,0.0615,88,1,,,,,0
1365,0,0,0,1.016845,0,0,0.0115,5,1,,,,,0
1366,0,0,0,0.446175,0,0,0,0,1,,,,,0
1367,0,0,0,0.144066,0,0,0.0615,88,1,,,,,0
1368,0,0,0,2.145427,0,0,0.0615,88,1,,,,,0
1369,0,0,0,0.477305,0,0,0,0,1,,,,,0
1370,0,0,0,1.290759,0,0,1.1519,125,1,,,,,0
1371,0,0,0,0.253146,0,0,0.0154,16,1,,,,,0
1372,0,0,0,0.676243,0,1,1.8346,174,1,,,,,0
1373,0,0,0,0.788838,0,0,0.1269,36,1,,,,,0
1374,0,0,0,1.633501,0,0,0.0038,2,1,,,,,0
1375,0,0,0,1.456087,0,0,0.0038,2,1,,,,,0
1376,0,0,0,1.038461,0,0,0.0038,2,1,,,,,0
1377,0,0,0,1.045518,0,0,0,0,1,,,,,0
1378,0,0,0,0.235137,0,0,0,0,1,,,,,0
1379,0,0,0,1.305972,0,0,0.0385,105,1,,,,,0
1380,0,0,0,0.071998,0,0,0.0385,105,1,,,,,0
1381,0,0,0,0.598143,0,0,1.8346,174,1,,,,,0
1382,0,0,0,1.230024,0,0,1.8346,174,1,,,,,0
1383,0,0,0,0.665633,0,0,0.0038,2,1,,,,,0
1384,0,0,0,1.126543,0,0,0.0019,4,1,,,,,0
1385,0,0,0,1.037913,0,0,0.0019,4,1,,,,,0
1386,0,0,0,0.176179,0,0,0.0019,4,1,,,,,0
1387,0,0,0,1.883275,0,0,0.6885,230,1,,,,,0
1388,0,0,0,1.06824,0,0,0.975,494,1,,,,,0
1389,0,0,0,1.545318,0,0,0.0385,105,1,,,,,0
1390,0,0,0,0.044633,0,0,0.1269,36,1,,,,,0
1391,0,0,0,1.243421,0,0,0.3365,88,1,,,,,0
1392,0,0,0,0.564788,0,0,0.3365,88,1,,,,,0
1393,0,0,0,3.653402,0,0,0.0019,4,1,,,,,0
1394,0,0,0,0.173133,0,0,0.0019,4,1,,,,,0
1395,0,0,0,1.452325,0,1,2.5365,204,1,,,,,0
1396,0,0,0,0.500969,0,0,0.975,494,1,,,,,0
1397,0,0,0,0.238151,0,0,0.975,494,1,,,,,0
1398,0,0,0,0.341421,0,0,0.0019,4,1,,,,,0
1399,0,0,0,0.384825,0,0,2.5365,204,1,,,,,0
1400,0,0,0,1.007193,0,0,0.975,494,1,,,,,0
1401,0,0,0,0.225275,0,0,0.975,494,1,,,,,0
1402,0,0,0,0.716959,0,0,0.0019,4,1,,,,,0
1403,0,0,0,1.017259,0,0,0.1923,236,1,,,,,0
1404,0,0,0,0.430684,0,0,0.1923,236,1,,,,,0
1405,0,0,0,0.860949,0,0,2.2269,171,1,,,,,0
1406,0,0,0,2.900658,0,0,2.2269,171,1,,,,,0
1407,0,0,0,3.054714,0,0,2.2269,171,1,,,,,0
1408,0,0,0,0.370125,0,0,0.0692,506,1,,,,,0
1409,0,0,0,0.780363,0,0,0.0769,83,1,,,,,0
1410,0,0,0,0.065664,0,0,7.4038,775,1,,,,,0
1411,0,0,0,0.410359,0,0,2.2269,171,1,,,,,0
1412,0,0,0,0.141549,0,0,2.2269,171,1,,,,,0
1413,0,0,0,0.067477,0,0,0.0692,506,1,,,,,0
1414,0,0,0,0.379462,0,0,0.0769,83,1,,,,,0
1415,0,0,0,1.167018,0,0,0.0769,83,1,,,,,0
1416,0,0,0,1.07588,0,0,0.0769,83,1,,,,,0
1417,0,0,0,1.006931,0,0,0.0712,291,1,,,,,0
1418,0,0,0,1.00659,0,0,,,0,,,,,0
1419,0,0,0,1.009867,0,0,,,0,,,,,0
1420,0,0,0,1.048245,0,0,,,0,,,,,0
1421,0,0,0,0.192102,0,0,,,0,,,,,0
1422,0,0,0,2.879126,0,0,,,0,,,,,0
1423,0,0,0,0.532949,0,0,,,0,,,,,0
1424,0,0,0,1.251116,0,0,,,0,,,,,0
1425,0,0,0,2.69216,0,0,1.2423,70,1,,,,,0
1426,0,0,0,2.734282,0,0,1.2115,132,1,,,,,0
1427,0,0,0,4.480208,0,0,2.2269,171,1,,,,,0
1428,0,0,0,2.272232,0,0,2.2269,171,1,,,,,0
1429,0,0,0,0.260627,0,0,0,0,1,,,,,0
1430,0,0,0,1.427716,0,0,0,0,1,,,,,0
1431,0,0,0,0.684986,0,0,0.075,95,1,,,,,0
1432,0,0,0,0.067835,0,0,0.075,95,1,,,,,0
1433,0,0,0,1.024966,0,0,0.0712,291,1,,,,,0
1434,0,0,0,1.129265,0,0,,,0,,,,,0
1435,0,0,0,0.290335,0,0,,,0,,,,,0
1436,0,0,0,0.188119,0,0,,,0,,,,,0
1437,0,0,0,4.136033,0,0,,,0,,,,,0
1438,0,0,0,0.270431,0,0,,,0,,,,,0
1439,0,0,0,1.456706,0,0,,,0,,,,,0
1440,0,0,0,0.628942,0,0,,,0,,,,,0
1441,0,0,0,0.212968,0,0,0.2615,42,1,,,,,0
1442,0,0,0,0.150821,0,2,1.2115,132,1,,,,,0
1443,0,0,0,0,0,0,,,0,,,,,0
1444,0,0,0,0.99601,0,0,2.2058,144,1,,,,,0
1445,0,0,0,1.489128,0,0,0,0,1,,,,,0
1446,0,0,0,1.078934,0,0,0.0288,80,1,,,,,0
1447,0,0,0,1.129224,0,0,0.0288,80,1,,,,,0
1448,0,0,0,1.40774,0,0,0.0038,26,1,,,,,0
1449,0,0,0,0.828425,0,0,,,0,,,,,0
1450,0,0,0,0.196464,0,0,,,0,,,,,0
1451,0,0,0,0.219,0,0,,,0,,,,,0
1452,0,0,0,0.849963,0,0,0.2615,42,1,,,,,0
1453,0,0,0,1.519042,0,0,1.2423,70,1,,,,,0
1454,0,0,0,0.35801,0,0,0.0269,60,1,,,,,0
1455,0,0,0,3.501477,0,0,2.2058,144,1,,,,,0
1456,0,0,0,3.020224,0,0,0,0,1,,,,,0
1457,0,0,0,0,0,0,,,0,,,,,0
1458,0,0,0,1.238894,0,0,0.0288,80,1,,,,,0
1459,0,0,0,0.258116,0,0,0.0288,80,1,,,,,0
1460,0,0,0,1.077427,0,0,3.6596,291,1,,,,,0
1461,0,0,0,0.081987,0,0,0.0038,26,1,,,,,0
1462,0,0,0,1.077679,0,0,0.0038,26,1,,,,,0
1463,0,0,0,0.373341,0,0,0.0712,291,1,,,,,0
1464,0,0,0,0.565281,0,0,,,0,,,,,0
1465,0,0,0,1.057012,0,0,,,0,,,,,0
1466,0,0,0,1.65278,0,0,,,0,,,,,0
1467,0,0,0,0.667085,0,1,,,0,,,,,0
1468,0,0,0,0.505486,0,0,0.0827,12,1,,,,,0
1469,0,0,0,1.038951,0,0,0.025,51,1,,,,,0
1470,0,0,0,0.398856,0,0,0,0,1,,,,,0
1471,0,0,0,0.226362,0,0,0.4962,202,1,,,,,0
1472,0,0,0,0.842902,0,0,0.0288,80,1,,,,,0
1473,0,0,0,1.043583,0,0,3.6596,291,1,,,,,0
1474,0,0,0,0.529896,0,3,4.6788,383,1,,,,,0
1475,0,0,0,0.236257,0,0,0.0038,26,1,,,,,0
1476,0,0,0,0.121781,0,0,0.0038,26,1,,,,,0
1477,0,0,0,0.4878,0,2,0.3962,265,1,,,,,0
1478,0,0,0,0.089974,0,1,,,0,,,,,0
1479,0,0,0,1.030763,0,0,,,0,,,,,0
1480,0,0,0,1.071964,0,0,,,0,,,,,0
1481,0,0,0,0.204049,0,0,,,0,,,,,0
1482,0,0,0,1.186526,0,0,,,0,,,,,0
1483,0,0,0,0.285469,0,0,,,0,,,,,0
1484,0,0,0,1.880216,0,0,0.0827,12,1,,,,,0
1485,0,0,0,1.326405,0,0,0.0538,25,1,,,,,0
1486,0,0,0,1.234691,0,0,2.1173,2977,1,,,,,0
1487,0,0,0,1.379992,0,0,0.025,51,1,,,,,0
1488,0,0,0,0.54203,0,0,0.025,51,1,,,,,0
1489,0,0,0,0.034558,0,0,0.4962,202,1,,,,,0
1490,0,0,0,0.204493,0,0,0.0038,26,1,,,,,0
1491,0,0,0,1.237156,0,0,0.0038,26,1,,,,,0
1492,0,0,0,0.781786,0,0,,,0,,,,,0
1493,0,0,0,0.675343,0,0,,,0,,,,,0
1494,0,0,0,0.31444,0,0,0.0827,12,1,,,,,0
1495,0,0,0,0.284471,0,0,0.0538,25,1,,,,,0
1496,0,0,0,2.039641,0,0,0.0538,25,1,,,,,0
1497,0,0,0,0,0,0,,,0,,,,,0
1498,0,0,0,1.986398,0,0,0.025,51,1,,,,,0
1499,0,0,0,0.419169,0,0,0.4962,202,1,,,,,0
1500,0,0,0,0.162236,0,0,0,0,1,,,,,0
1501,0,0,0,1.224126,0,0,1.2288,104,1,,,,,0
1502,0,0,0,1.153975,0,0,1.2288,104,1,,,,,0
1503,0,0,0,0.154274,0,2,1.2288,104,1,,,,,0
1504,0,0,0,1.028489,0,0,,,0,,,,,0
1505,0,0,0,1.04762,0,0,,,0,,,,,0
1506,0,0,0,0.54269,0,0,,,0,,,,,0
1507,0,0,0,0.479151,0,0,,,0,,,,,0
1508,0,0,0,1.018758,0,0,,,0,,,,,0
1509,0,0,0,1.21786,0,0,0.025,51,1,,,,,0
1510,0,0,0,0.031622,0,0,4.2385,405,1,,,,,0
1511,0,0,0,1.518384,0,0,0.3769,167,1,,,,,0
1512,0,0,0,1.151065,0,0,0.3769,167,1,,,,,0
1513,0,0,0,3.000243,0,0,0.0442,77,1,,,,,0
1514,0,0,0,0.670633,0,0,0.0442,77,1,,,,,0
1515,0,0,0,1.327134,0,0,0.0596,7,1,,,,,0
1516,0,0,0,0.015606,0,0,0.0442,77,1,,,,,0
1517,0,0,0,1.080403,0,0,0.1135,17,1,,,,,0
1518,0,0,0,0.092666,0,0,0.1,15,1,,,,,0
1519,0,0,0,1.880907,0,0,0.1,15,1,,,,,0
1520,0,0,0,0.947486,0,0,0.1135,17,1,,,,,0
1521,0,0,0,0.321007,0,0,0.1135,17,1,,,,,0
1522,0,0,0,0.791307,0,0,0.1,15,1,,,,,0
1523,0,0,0,1.648738,0,0,0.1,15,1,,,,,0
1524,0,0,0,1.214515,0,0,0.0269,15,1,,,,,0
1525,0,0,0,1.027096,0,0,0.0269,15,1,,,,,0
1526,0,0,0,0.082942,0,0,0.0865,168,1,,,,,0
1527,0,0,0,1.473083,0,0,0.1135,17,1,,,,,0
1528,0,0,0,0.709967,0,0,0.0269,15,1,,,,,0
1529,0,0,0,0.137,0,0,0.0865,168,1,,,,,0
1530,0,0,0,2.094631,0,0,0.0865,168,1,,,,,0
1531,0,0,0,1.900883,0,0,0.0865,168,1,,,,,0
1532,0,0,0,0.103912,0,0,0.0058,4,1,,,,,0
1533,0,0,0,0.295843,0,0,1.4942,287,1,,,,,0
1534,0,0,0,0.763012,0,0,0.4923,158,1,,,,,0
1535,0,0,0,0.111816,0,0,0.0865,168,1,,,,,0
1536,0,0,0,0.418802,0,0,0.0865,168,1,,,,,0
1537,0,0,0,0.12942,0,0,1.275,199,1,,,,,0
1538,0,0,0,0.874354,0,0,0.1058,24,1,,,,,0
1539,0,0,0,1.125449,0,0,1.4942,287,1,,,,,0
1540,0,0,0,0.21307,0,0,17.2904,1094,1,,,,,0
1541,0,0,0,1.664636,0,0,1.275,199,1,,,,,0
1542,0,0,0,0.187289,0,0,0.1058,24,1,,,,,0
1543,0,0,0,2.204354,0,0,,,0,,,,,0
1544,0,0,0,1.543847,0,0,,,0,,,,,0
1545,0,0,0,2.115249,0,0,,,0,,,,,0
1546,0,0,0,1.715251,0,0,,,0,,,,,0
1547,0,0,0,0.782152,0,0,,,0,,,,,0
1548,0,0,0,2.605441,0,0,,,0,,,,,0
1549,0,0,0,0.167224,0,0,,,0,,,,,0
1550,0,0,0,1.186963,0,0,,,0,,,,,0
1551,0,0,0,0.964739,0,0,,,0,,,,,0
1552,0,0,0,1.240751,0,0,,,0,,,,,0
1553,0,0,0,1.111124,0,0,,,0,0,0,0,0,1
1554,0,0,0,7.187732,0,0,,,0,0,0,0,0,1
1555,0,0,0,1.877319,0,0,,,0,0,0,0,0,1
1556,0,0,0,2.344117,0,0,,,0,,,,,0
1557,0,0,0,3.7256,0,0,,,0,,,,,0
