scorepam_fid,covcount,pointcount,scoreswin,hwlenkm,scores,venuecnt,userdayspa,dayspafina,sum_length,days_pa_km
41,9,5,1.200799,1.665558,1.200799,4,0.04486,0.168343,1.665558,0.101073
44,9,2,0.09327,0.335047,0.09327,0,0.87101,0.87101,0.335047,2.599663
45,9,8,16.82,1.718328,74.491018,6,63.466254,63.466254,1.718328,36.934889
46,9,6,4.875153,1.640974,4.875154,7,79.342245,79.342245,1.640974,48.35071
47,9,3,0.074072,1.687556,0.074072,4,10.010376,10.010376,1.687556,5.931879
48,9,1,0.018427,0.423966,0.018427,1,4.262014,4.269529,0.423966,10.070452
49,9,3,0.094954,1.316428,0.094954,3,0.364558,0.364558,1.316428,0.27693
50,9,3,0.08822,1.416905,0.08822,1,0,0,0,0
52,9,3,0.10583,1.181139,0.10583,4,3.05013,3.161932,1.181139,2.677019
55,9,1,0.012809,0.609904,0.012809,1,2.254701,2.254701,0.609904,3.69681
56,9,1,0.010287,0.759474,0.010287,1,0.445435,0.445435,0.759474,0.586504
58,9,3,0.195373,0.639801,0.195373,3,1.269227,1.269227,0.639801,1.983785
59,9,2,0.024716,1.264383,0.024716,1,0.844579,0.844579,1.264383,0.667977
61,9,1,0.006923,1.12841,0.006923,1,2.657094,2.657094,1.12841,2.354723
62,9,2,0.029749,1.050442,0.029749,2,1.713059,2.400177,1.050442,2.284921
71,9,3,0.064847,1.927608,0.064847,2,57.489911,57.491771,1.927608,29.825446
72,9,1,0.007208,1.083866,0.007208,1,1.749746,1.749746,1.083866,1.614356
73,9,1,0.026117,0.299134,0.026117,1,0.526066,0.526066,0.299134,1.758632
76,9,1,0.00582,1.342251,0.00582,1,60.006986,60.006986,1.342251,44.706228
77,9,2,0.028417,1.099697,0.028417,2,1.716713,1.716713,1.099697,1.561078
78,9,2,0.026956,1.159302,0.026956,2,6.147214,6.147214,1.159302,5.302512
79,9,2,0.041647,0.750347,0.041647,2,1.658196,1.658196,0.750347,2.209906
100,0,0,0,1.402394,0,0,0.003027,0.003027,1.402394,0.002158
102,0,0,0,0.613572,0,0,0,0,0,0
113,0,0,0,0.221273,0,0,2.639883,2.639883,0.221273,11.930446
114,0,0,0,0.809093,0,0,0.319465,0.319465,0.809093,0.394843
122,0,0,0,1.573486,0,0,0.610257,0.610257,1.573486,0.387838
123,0,0,0,0.114708,0,0,0,0,0,0
128,0,0,0,0.061581,0,0,0,0,0,0
129,0,0,0,1.099096,0,0,3.482544,3.482544,1.099096,3.168552
130,0,0,0,0.966974,0,0,0,0,0,0
131,0,0,0,1.110238,0,0,0,0,0,0
134,0,0,0,0.792585,0,0,0,0,0,0
135,0,0,0,0.200848,0,0,0.020252,0.020252,0.200848,0.100833
136,0,0,0,1.070833,0,0,4.136603,4.136603,1.070833,3.862977
137,0,0,0,0.855287,0,0,1.5443,1.5443,0.855287,1.805593
138,9,1,0.012168,0.64207,0.012168,0,0,0,0,0
139,9,2,0.019576,1.596316,0.019576,1,36.931287,50.898701,1.596316,31.885097
140,9,3,0.101496,1.231571,0.101496,2,8.477151,9.232613,1.231571,7.496617
141,9,1,0.010698,0.730294,0.010698,1,0,0,0,0
142,9,2,0.024948,1.252613,0.024948,2,2.054795,2.054795,1.252613,1.640407
143,9,2,0.032099,0.973552,0.032099,2,1.878472,1.878472,0.973552,1.929503
144,9,1,0.018392,0.424778,0.018392,1,4.180605,4.180605,0.424778,9.841853
145,9,3,0.106362,1.175227,0.106362,2,0,0,0,0
147,9,3,0.092159,1.356346,0.092159,0,0,0,0,0
148,9,2,0.02031,1.538663,0.02031,0,33.587399,35.543584,1.538663,23.100298
149,9,2,0.014715,2.12374,0.014715,9,15.749773,15.749773,2.12374,7.416057
150,9,4,0.423512,1.180605,0.423512,4,45.744539,56.344892,1.180605,47.725425
151,9,3,0.262883,0.475497,0.262883,0,0.626413,0.626413,0.475497,1.317385
152,9,2,0.025892,1.20694,0.025892,2,1.857928,1.857928,1.20694,1.53937
153,9,1,0.005692,1.372433,0.005692,1,0.147598,0.147598,1.372433,0.107545
154,9,2,0.06261,0.499118,0.06261,2,0,0,0,0
155,9,1,0.011042,0.707518,0.011042,0,0.176323,0.176323,0.707518,0.249213
156,9,3,0.092053,1.35791,0.092053,5,8.587092,8.587092,1.35791,6.323758
157,9,3,0.112542,1.110695,0.112542,4,4.513125,4.513125,1.110695,4.063335
158,9,5,2.348258,0.851695,2.348259,3,2.008632,2.250244,0.851695,2.642078
159,9,1,0.009497,0.822629,0.009497,1,0.51608,0.672609,0.822629,0.817633
160,9,4,0.270295,1.849828,0.270295,9,32.170817,32.170817,1.849828,17.39125
161,9,8,16.82,1.127657,113.509661,7,34.559996,34.680048,1.127657,30.754066
162,9,3,0.060608,2.062445,0.060608,3,0,0,0,0
165,9,6,6.487467,1.233147,6.487469,4,3.480256,4.793925,1.233147,3.887555
166,9,2,0.018104,1.726156,0.018104,2,0.017964,0.017964,1.726156,0.010407
167,9,6,7.066014,1.13218,7.066013,5,0.450745,7.147391,1.13218,6.312944
168,9,3,0.041584,3.005936,0.041584,2,0,0,0,0
169,9,1,0.003521,2.218617,0.003521,1,0,0,0,0
171,9,2,0.030107,1.03795,0.030107,2,0,0,0,0
172,9,1,0.005363,1.456704,0.005363,1,0,0,0,0
173,9,2,0.015848,1.971894,0.015848,3,0,0,0,0
174,9,1,0.045423,0.171994,0.045423,0,0,0,0,0
175,9,2,0.030101,1.038155,0.030101,2,1.769373,5.741085,1.038155,5.530083
176,9,1,0.005678,1.375898,0.005678,1,0,0,0,0
177,9,1,0.009303,0.839803,0.009303,0,6.452036,6.452036,0.839803,7.6828
178,9,1,0.031034,0.251744,0.031034,2,0,0,0,0
179,9,3,0.073421,1.702516,0.073421,2,0,0,0,0
180,9,1,0.005782,1.351071,0.005782,0,0,0,0,0
181,10,1,0.002395,1.631239,0.002395,1,3.75,3.75,1.631239,2.298866
182,10,3,0.054548,1.14579,0.054547,3,7.5,7.5,1.14579,6.5457
183,9,3,0.178995,0.698343,0.178995,0,1.675141,1.675141,0.698343,2.398736
184,9,1,0.003671,2.128058,0.003671,5,3.933584,3.933584,2.416208,1.627999
185,9,2,0.03038,1.028624,0.03038,1,0,0,0,0
186,9,1,0.007725,1.011347,0.007725,1,0,0,0,0
187,9,1,0.006342,1.231817,0.006342,1,0,0,0,0
188,10,2,0.00766,2.039783,0.00766,3,8.83491,8.83491,2.039783,4.331298
189,10,1,0.012134,0.321913,0.012134,1,2.944613,2.944613,0.321913,9.147233
190,9,1,0.007019,1.112986,0.007019,2,0.243999,0.243999,1.112987,0.219229
191,9,5,1.686592,1.185823,1.686593,5,0.131372,0.259076,1.185823,0.218478
192,9,2,0.013195,2.368366,0.013195,0,0,0,0,0
193,9,1,0.001876,4.164341,0.001876,0,0.000289,0.000289,4.164341,0.000069
194,10,2,0.009486,1.647154,0.009486,2,3.75,3.75,1.647154,2.276654
195,10,1,0.006932,0.56355,0.006932,1,0,0,0,0
196,10,2,0.011549,1.35293,0.011549,1,0.44052,0.44052,1.35293,0.325605
197,10,4,0.120943,2.067093,0.120943,4,18.198204,18.198204,2.067093,8.803767
198,9,1,0.006399,1.220957,0.006399,1,0.135231,0.135231,1.220957,0.110758
199,9,1,0.002945,2.652804,0.002945,2,0,0,0,0
200,10,6,2.407572,1.661425,2.407572,5,24.505631,24.505631,1.661425,14.749767
201,9,1,0.006628,1.178777,0.006628,1,0.117211,0.942261,1.178777,0.799355
202,9,1,0.006524,1.197449,0.006524,1,0.267148,3.112682,1.197449,2.599427
203,9,1,0.020067,0.389323,0.020067,0,1.125818,3.291169,0.389323,8.453566
204,9,1,0.002302,3.394505,0.002302,1,0.056026,1.951823,3.394505,0.574995
205,0,0,0,0.445296,0,1,0,0,0,0
209,0,0,0,0.856256,0,1,26.498674,26.498674,0.856256,30.947155
210,0,0,0,0.585816,0,0,0,0,0,0
211,0,0,0,0.61397,0,0,0,0,0,0
212,0,0,0,0.712023,0,0,0,0,0,0
217,0,0,0,0.313388,0,0,2.197838,2.197838,0.313388,7.013148
218,0,0,0,1.184011,0,2,7.732807,7.732807,1.184011,6.531024
219,0,0,0,1.172506,0,0,4.081836,4.081836,1.172506,3.481292
220,0,0,0,3.08685,0,0,0,0,0,0
221,0,0,0,0.273959,0,0,0,0,0,0
223,0,0,0,0.214176,0,0,2.876757,2.876757,0.214176,13.431752
224,0,0,0,1.225868,0,0,0,0,0,0
225,0,0,0,1.010988,0,0,4.468124,4.468124,1.010988,4.41956
226,0,0,0,0.738074,0,0,0,0,0,0
227,0,0,0,0.743483,0,0,0,0,0,0
228,0,0,0,0.023324,0,0,0,0,0,0
229,0,0,0,0.056903,0,1,0,0,0,0
230,0,0,0,0.853545,0,0,0,0,0,0
231,0,0,0,1.005894,0,0,0,0,0,0
232,0,0,0,0.335625,0,0,0,0,0,0
233,0,0,0,0.820324,0,0,0,0,0,0
234,0,0,0,0.514926,0,0,0,0,0,0
235,0,0,0,0.111534,0,0,0,0,0,0
236,0,0,0,2.523351,0,0,0,0,0,0
237,0,0,0,0.226147,0,0,0,0,0,0
238,0,0,0,1.257099,0,0,0,0,0,0
239,0,0,0,1.044671,0,0,0,0,0,0
240,0,0,0,1.071177,0,0,0,0,0,0
241,0,0,0,2.824587,0,0,0,0,0,0
242,0,0,0,1.1949,0,0,0,0,0,0
243,0,0,0,1.658977,0,0,0,0,0,0
244,0,0,0,0.072128,0,0,0,0,0,0
245,0,0,0,0.28815,0,0,0.032743,0.032743,0.28815,0.113632
246,0,0,0,0.687949,0,0,0,0,0,0
247,0,0,0,5.996847,0,0,0,0,0,0
248,0,0,0,2.438391,0,0,0,0,0,0
249,0,0,0,4.61964,0,0,0,0,0,0
250,0,0,0,3.744581,0,1,0,0,0,0
251,0,0,0,0.599019,0,0,0,0,0,0
252,0,0,0,2.103185,0,0,0,0,0,0
253,0,0,0,3.27302,0,0,0,0,0,0
254,0,0,0,0.441491,0,0,0,0,0,0
255,0,0,0,1.526015,0,0,0,0,0,0
256,0,0,0,1.384099,0,0,0,0,0,0
257,0,0,0,0.82214,0,0,3.298998,3.298998,0.82214,4.012696
258,0,0,0,0.742166,0,0,0,0,0,0
259,0,0,0,6.204559,0,1,0,0,0,0
260,0,0,0,13.261134,0,0,0.000445,0.000445,13.261134,0.000034
261,0,0,0,10.118053,0,0,0,0,0,0
262,0,0,0,1.978358,0,1,0,0,0,0
263,0,0,0,4.25644,0,0,0.371563,0.371563,4.25644,0.087294
264,0,0,0,0.935489,0,0,1.046864,1.046864,0.935489,1.119056
265,0,0,0,5.889782,0,0,0.310064,0.310064,5.889782,0.052644
266,0,0,0,2.281537,0,0,0,0,0,0
267,0,0,0,1.437433,0,0,0,0,0,0
268,0,0,0,1.371375,0,0,0,0,0,0
269,0,0,0,1.293407,0,0,0,0,0,0
270,0,0,0,1.019686,0,0,0,0,0,0
271,0,0,0,0.335301,0,0,0,0,0,0
272,0,0,0,0.882399,0,0,0,0,0,0
273,0,0,0,5.366218,0,0,0.483048,0.483048,5.366218,0.090016
274,0,0,0,2.959857,0,0,0.306099,0.306099,2.959857,0.103417
275,0,0,0,0.367695,0,0,1.159503,1.159503,0.367695,3.15344
276,0,0,0,1.68822,0,0,0.894416,0.894416,1.68822,0.529798
277,0,0,0,1.782298,0,0,0.000484,0.000484,1.782298,0.000272
278,0,0,0,0.511756,0,0,0,0,0,0
279,0,0,0,0.004391,0,0,0,0,0,0
280,10,1,0.002402,1.626224,0.002402,1,0.625,0.625,1.626224,0.384326
281,10,2,0.005941,2.630106,0.005941,0,0,0,0,0
282,9,1,0.001791,4.361857,0.001791,1,2.672351,2.672351,4.361857,0.612664
283,10,1,0.003493,1.118403,0.003493,1,1.342014,1.35019,1.355828,0.995841
284,10,5,0.482352,2.073175,0.482352,2,2.103917,2.103917,2.073175,1.014828
285,10,1,0.01245,0.313758,0.01245,2,32.361618,32.361618,0.313758,103.14193
286,10,4,0.147962,1.689626,0.147962,2,12.196577,12.196577,1.689626,7.218506
287,10,1,0.003774,1.034906,0.003774,1,1.957122,1.957122,1.034906,1.891111
288,10,1,0.009942,0.39292,0.009942,1,0.174047,0.174047,0.39292,0.442957
289,10,1,0.002286,1.709034,0.002286,1,1.075953,1.075953,1.709034,0.629568
290,10,1,0.002856,1.36785,0.002856,1,36.317569,36.317569,1.36785,26.550845
291,10,1,0.007206,0.542076,0.007206,0,0,0,0,0
292,9,1,0.006606,1.182628,0.006606,1,0.305955,3.714066,1.182628,3.14052
293,9,1,0.004526,1.725956,0.004526,1,2.348259,2.348259,1.725956,1.360556
294,9,1,0.00956,0.817247,0.00956,0,0,0,0,0
295,9,1,0.002558,3.054686,0.002558,0,0,0,0,0
296,10,1,0.003655,1.068862,0.003655,1,2.39981,2.39981,1.068862,2.245201
297,10,1,0.003661,1.067098,0.003661,1,1.136575,1.136575,1.067098,1.065108
298,10,1,0.006526,0.598532,0.006526,1,0.140941,0.140941,0.598532,0.235478
299,10,3,0.045919,1.36108,0.045919,3,83.299006,83.299006,1.36108,61.200668
300,10,4,0.16269,1.536664,0.16269,6,8.128677,8.128677,1.536664,5.289822
301,9,4,0.22626,2.209845,0.22626,1,0,0,0,0
302,9,3,0.033106,3.775769,0.033106,3,3.467415,3.467415,3.775769,0.918334
303,10,1,0.003501,1.115726,0.003501,1,10.266815,10.266815,1.115726,9.201916
304,9,3,0.106516,1.173533,0.106516,3,0.650865,25.296577,1.173533,21.555911
305,9,1,0.002522,3.097753,0.002522,2,0.362987,0.362987,3.097754,0.117177
306,10,1,0.003481,1.122162,0.003481,2,3.410575,3.410575,1.122162,3.039289
307,10,6,5.429397,0.73673,5.429394,3,1.043899,1.050856,0.73673,1.426378
308,11,9,16.82,2.610158,49.039186,14,31.017903,31.017903,2.610158,11.883537
309,11,1,0.125409,0.015574,0.125409,0,0,0,0,0
310,9,1,0.007003,1.115643,0.007003,1,0.114085,2.206531,1.115643,1.977812
311,9,2,0.011761,2.657032,0.011761,1,0,0,0,0
312,9,4,0.169703,2.946322,0.169703,4,5.161977,10.194106,2.946322,3.459942
313,9,1,0.00759,1.029371,0.00759,1,6.353151,7.102038,1.029371,6.899395
314,9,2,0.067389,0.463726,0.067389,0,0,0,0,0
315,9,1,0.002186,3.574147,0.002186,1,22.072394,22.072394,3.574147,6.17557
316,10,1,0.003442,1.134865,0.003442,1,0.119481,0.119481,1.134865,0.105282
317,11,2,0.030776,0.253848,0.030776,1,0,0,0,0
318,11,2,0.006087,1.283418,0.006087,2,10.095484,10.095484,1.283418,7.866093
319,9,1,0.005672,1.377482,0.005672,1,0.114105,0.813349,1.377482,0.590461
320,10,1,0.004281,0.912524,0.004281,1,1.208303,3.829707,0.912524,4.196829
321,10,1,0.003401,1.148493,0.003401,1,0.451547,0.451547,1.148493,0.393165
322,10,4,0.330391,0.75668,0.330391,2,0.652741,0.652741,0.75668,0.862639
323,10,1,0.003245,1.203667,0.003245,1,0.455391,0.455391,1.203667,0.378336
324,10,1,0.00315,1.240149,0.00315,1,1.053973,1.053973,1.240149,0.849876
325,11,1,0.001909,1.022937,0.001909,2,5.544251,5.544251,1.022937,5.419934
326,9,1,0.00623,1.253927,0.00623,1,0.297879,1.740482,1.253927,1.388025
327,10,1,0.002657,1.469936,0.002657,2,5.288931,5.288931,1.469936,3.598069
328,10,1,0.001737,2.249456,0.001737,1,3.077203,3.077203,2.249456,1.367977
329,10,1,0.002116,1.846268,0.002116,1,0.018846,0.018846,1.846268,0.010208
330,10,1,0.002885,1.353754,0.002885,1,28.983258,28.983258,1.353754,21.409548
331,11,4,0.105711,1.182472,0.105711,1,0,0,0,0
332,11,1,0.000867,2.252056,0.000867,1,0,0,0,0
333,11,1,0.001081,1.806758,0.001081,3,10.318365,10.318365,1.806758,5.710985
334,11,3,0.262802,0.118911,0.262801,0,0.746359,0.746359,0.118911,6.276602
335,10,2,0.017134,0.911932,0.017134,0,3.482389,3.482389,0.911932,3.818692
336,10,2,0.014937,1.046077,0.014937,2,0,0,0,0
337,11,8,16.82,1.441884,22.19319,3,0.104719,0.104719,1.441884,0.072627
338,11,1,0.001349,1.448006,0.001349,3,74.808341,74.808341,1.448006,51.663022
339,11,1,0.000784,2.49199,0.000784,3,126.090137,126.090137,2.49199,50.598162
340,11,1,0.003014,0.647947,0.003014,1,0,0,0,0
341,11,1,0.000504,3.874735,0.000504,1,0,0,0,0
342,11,5,0.366523,1.364171,0.366523,2,8.513709,8.513709,1.364171,6.24094
343,10,4,0.168102,1.487191,0.168102,3,1.934932,1.934932,1.487191,1.301065
344,10,3,0.046846,1.334165,0.046846,3,4.211588,4.211588,1.334165,3.156721
345,10,1,0.003701,1.055422,0.003701,1,4.200342,4.200342,1.055422,3.979773
346,10,1,0.004525,0.863324,0.004525,1,4.200342,4.200342,0.863324,4.865313
347,10,5,0.708789,1.410857,0.708789,4,4.200342,4.200342,1.410857,2.977157
348,10,2,0.01449,1.078365,0.01449,2,0,0,0,0
349,10,4,0.211058,1.184506,0.211058,4,4.200342,4.200342,1.184506,3.54607
350,10,1,0.001704,2.292868,0.001704,1,0,0,0,0
351,11,3,0.01523,2.051841,0.01523,3,57.136614,57.136614,2.051841,27.846508
352,11,3,0.030551,1.022866,0.030551,1,57.085532,57.085532,1.022866,55.809373
353,11,1,0.000946,2.063757,0.000946,2,87.61272,87.61272,2.063757,42.453012
354,11,1,0.005947,0.328414,0.005947,1,0.860661,0.860661,0.328414,2.620657
355,11,1,0.002027,0.963399,0.002027,1,13.267149,13.267149,0.963399,13.771187
356,10,1,0.002222,1.75782,0.002222,0,34.028013,34.028013,1.75782,19.358079
357,10,1,0.003279,1.191267,0.003279,1,4.389806,4.389806,1.191267,3.684988
358,10,2,0.010484,1.490387,0.010484,2,4.200342,4.400341,1.490387,2.952482
359,10,1,0.002395,1.630759,0.002395,1,0.693492,0.693492,1.630759,0.425257
360,10,1,0.002715,1.438839,0.002715,1,14.619832,14.619832,1.438839,10.160857
361,11,1,0.000811,2.406883,0.000811,3,129.286861,129.286861,2.406883,53.715473
362,11,1,0.001464,1.333819,0.001464,1,8.571687,8.571687,1.333819,6.426422
363,11,3,0.050624,0.617299,0.050624,3,1.685566,1.686279,0.617299,2.731705
364,10,1,0.003821,1.022282,0.003821,1,0.160161,0.727998,1.022282,0.71213
365,9,1,0.005377,1.452981,0.005377,1,4.268335,11.246022,1.452981,7.739966
366,9,1,0.002587,3.020323,0.002587,1,4.69687,4.69687,3.020323,1.555089
367,10,1,0.001995,1.958321,0.001995,1,2.527225,2.527225,1.958321,1.290506
368,10,5,0.863305,1.158339,0.863305,6,0.993354,0.993354,1.158339,0.857567
369,10,3,0.028358,2.203963,0.028358,3,7.317629,7.317629,2.203963,3.320214
370,11,1,0.000861,2.26811,0.000861,1,0,0,0,0
371,11,7,11.158426,0.716947,11.15843,3,0.414677,1.174647,0.716947,1.638402
372,10,2,0.015441,1.011921,0.015441,2,0.178719,0.193344,1.011921,0.191066
373,10,6,3.586936,1.115158,3.586934,2,0.102217,0.292769,1.115158,0.262536
374,10,2,0.022502,0.694394,0.022502,1,1.792325,1.792325,0.694394,2.581135
375,11,1,0.000959,2.03719,0.000959,2,120.393725,120.393725,2.03719,59.097938
376,10,1,0.000967,4.040233,0.000967,1,0.070883,0.070883,4.040233,0.017544
377,10,3,0.046405,1.346824,0.046405,9,90.211846,90.211846,1.346824,66.981145
378,10,3,0.040432,1.545793,0.040432,5,76.259329,76.259329,1.545793,49.33347
379,10,1,0.004422,0.883288,0.004422,1,15.87615,15.87615,0.883288,17.973931
380,10,2,0.012761,1.224461,0.012761,1,0.142606,0.142606,1.224461,0.116464
381,11,1,0.020846,0.093694,0.020846,0,0,0,0,0
382,11,1,0.000753,2.59291,0.000753,2,49.371774,49.371774,2.59291,19.041066
383,10,1,0.006831,0.571839,0.006831,1,0.945263,0.945263,0.571839,1.653024
384,9,1,0.007264,1.075526,0.007264,1,6.103381,7.872406,1.075526,7.319584
385,10,1,0.005078,0.769215,0.005078,2,0,0,0,0
386,10,3,0.141103,0.44294,0.141103,0,0,0,0,0
387,11,1,0.001241,1.574263,0.001241,1,45.427636,45.427636,1.574263,28.856452
388,10,6,1.847905,2.164613,1.847906,2,4.608702,4.608702,2.164613,2.129112
389,9,4,0.392311,1.274498,0.392311,3,3.328047,3.328047,1.274498,2.611262
390,9,4,0.410889,1.216875,0.410889,2,4.225909,4.225909,1.216875,3.472755
391,10,3,0.037908,1.648708,0.037908,0,3.679985,4.125254,1.648708,2.502113
392,11,1,0.000875,2.232593,0.000875,1,0,0,0,0
393,11,1,0.001067,1.830197,0.001067,1,80.938611,80.938611,1.830197,44.223994
394,10,1,0.0005,7.815889,0.0005,2,4.320205,4.320205,7.815889,0.552746
395,10,1,0.003232,1.208708,0.003232,1,0,0,0,0
396,10,1,0.003433,1.137715,0.003433,1,0.873249,0.873249,1.137715,0.767546
397,11,1,0.001007,1.93942,0.001007,1,48.012053,48.012053,1.93942,24.755886
398,10,2,0.008344,1.872647,0.008344,0,0,0,0,0
399,10,1,0.00426,0.916889,0.00426,2,6.673248,6.673248,0.916889,7.278143
400,10,5,1.954526,0.511633,1.954525,3,0.248236,0.248236,0.511633,0.485183
401,11,1,0.002233,0.874713,0.002233,0,2.9187,3.75,0.874713,4.287122
402,10,1,0.003607,1.083032,0.003607,1,0.0767,0.143083,1.192001,0.120036
403,10,1,0.006351,0.615026,0.006351,1,0.191461,0.481917,0.615026,0.783572
404,10,4,0.13261,1.88523,0.13261,6,3.869863,3.869863,1.88523,2.052727
405,10,1,0.003157,1.237297,0.003157,1,0.04313,0.04313,1.237297,0.034858
406,10,1,0.005432,0.719064,0.005432,0,0.238811,0.254957,0.719064,0.354568
407,10,7,10.928133,1.464111,10.928132,4,0.355657,0.355657,1.464111,0.242917
408,10,2,0.009431,1.656706,0.009431,3,8.640411,8.640411,1.656706,5.215417
409,10,1,0.001925,2.028966,0.001925,1,1.281495,1.281495,2.028966,0.6316
410,10,3,0.044828,1.394203,0.044828,6,10.695205,10.695205,1.394203,7.671195
411,10,1,0.005138,0.760294,0.005138,1,1.155822,1.155822,0.760294,1.52023
412,10,1,0.010497,0.372121,0.010497,1,2.507088,2.507088,0.372121,6.73729
413,10,1,0.001732,2.254855,0.001732,1,10.610174,10.610174,2.254855,4.705479
414,10,1,0.00207,1.886644,0.00207,0,5.085662,5.085662,1.886644,2.695612
415,10,1,0.003403,1.148025,0.003403,1,0,0,0,0
416,10,1,0.004296,0.909381,0.004296,1,0,0,0,0
417,10,4,0.158358,1.578703,0.158358,4,7.427691,7.427691,1.578703,4.704933
418,10,2,0.009869,1.583197,0.009869,4,7.466145,7.466145,1.583197,4.715865
419,10,1,0.00281,1.390357,0.00281,1,1.155822,1.155822,1.390357,0.831313
420,10,3,0.05861,1.066365,0.05861,3,2.469653,2.469653,1.066365,2.315954
421,10,4,0.406215,0.615437,0.406215,2,0,0,0,0
422,10,2,0.012644,1.235722,0.012644,1,0.123991,0.123991,1.235722,0.100339
423,11,2,0.010635,0.734583,0.010635,2,2.425961,2.425961,0.734583,3.302503
424,11,4,0.070282,1.77854,0.070282,4,10.95155,10.95155,1.77854,6.157606
425,11,4,0.058397,2.140509,0.058397,3,2.054795,2.054795,2.140509,0.959956
426,11,1,0.003102,0.629575,0.003102,1,3.57179,3.57179,0.629575,5.673336
427,11,1,0.000678,2.879485,0.000678,6,19.243326,19.243326,2.879485,6.682906
428,0,0,0,1.216235,0,0,0,0,0,0
429,0,0,0,0.683934,0,0,0,0,0,0
430,0,0,0,0.679071,0,0,0,0,0,0
431,0,0,0,1.549007,0,0,0,0,0,0
432,0,0,0,0.599595,0,0,0,0,0,0
433,0,0,0,1.826309,0,0,0,0,0,0
434,0,0,0,0.033139,0,0,0,0,0,0
435,0,0,0,1.204685,0,0,0.383942,0.383942,1.204685,0.318707
436,0,0,0,2.550365,0,0,0.5515,0.5515,2.550365,0.216244
437,0,0,0,14.090811,0,0,0.531502,0.531502,14.090811,0.03772
438,0,0,0,10.861417,0,0,0,0,0,0
439,0,0,0,5.000849,0,0,0,0,0,0
440,0,0,0,1.087801,0,0,0,0,0,0
441,0,0,0,0.57186,0,0,0,0,0,0
442,0,0,0,0.064754,0,0,0,0,0,0
443,0,0,0,0.977732,0,0,0,0,0,0
444,0,0,0,0.978605,0,0,0.484059,0.484059,0.978605,0.494642
445,0,0,0,0.443663,0,0,0,0,0,0
446,0,0,0,1.575844,0,0,0,0,0,0
447,0,0,0,0.665603,0,0,0,0,0,0
448,0,0,0,3.618452,0,0,0.166999,0.166999,3.618452,0.046152
449,0,0,0,1.978236,0,0,0,0,0,0
450,0,0,0,1.88252,0,0,0.157606,0.157606,1.88252,0.083721
451,0,0,0,7.368799,0,0,2.826265,2.826265,7.368799,0.383545
452,0,0,0,10.222956,0,0,0.997629,0.997629,10.222956,0.097587
453,0,0,0,3.261903,0,1,0,0,0,0
454,0,0,0,0.115052,0,0,0,0,0,0
455,0,0,0,0.027839,0,0,0,0,0,0
456,0,0,0,0.389587,0,0,0,0,0,0
457,0,0,0,1.214301,0,0,0,0,0,0
458,0,0,0,1.107618,0,0,0,0,0,0
459,0,0,0,1.647881,0,0,0.242745,0.242745,1.647881,0.147307
460,0,0,0,2.125925,0,0,0.096708,0.096708,2.125925,0.04549
461,0,0,0,2.180825,0,0,0.069571,0.069571,2.180826,0.031901
462,0,0,0,0.368042,0,0,0.112854,0.112854,0.368042,0.306633
463,0,0,0,1.150108,0,0,2.050555,2.050555,1.150108,1.782925
464,0,0,0,0.145333,0,0,6.571248,6.571248,0.145333,45.215141
465,0,0,0,0.258194,0,0,1.658396,1.658396,0.258194,6.423052
466,0,0,0,2.250929,0,0,0,0,0,0
467,0,0,0,2.888612,0,0,0,0,0,0
468,0,0,0,1.841352,0,0,0,0,0,0
469,0,0,0,0.106498,0,0,0,0,0,0
470,0,0,0,0.907581,0,0,0,0,0,0
471,0,0,0,1.171825,0,0,0,0,0,0
472,0,0,0,5.637547,0,0,1.903746,1.903746,5.637547,0.33769
473,0,0,0,4.130393,0,0,0.001395,0.001395,4.130393,0.000338
474,0,0,0,1.003885,0,0,0,0,0,0
475,0,0,0,0.292397,0,0,1.603389,1.603389,0.292397,5.483594
476,0,0,0,0.307405,0,0,0,0,0,0
477,0,0,0,2.152375,0,0,0,0,0,0
478,0,0,0,1.577836,0,0,11.378885,11.378885,1.577836,7.211703
479,0,0,0,1.012618,0,0,0,0,0,0
480,0,0,0,1.050581,0,0,0,0,0,0
481,0,0,0,0.57454,0,0,0.02354,0.02354,0.57454,0.040972
482,0,0,0,3.088064,0,0,0,0,0,0
483,0,0,0,2.100085,0,0,0,0,0,0
484,0,0,0,1.485925,0,0,0,0,0,0
485,0,0,0,0.31514,0,0,0,0,0,0
486,0,0,0,0.315027,0,0,0.000172,0.000172,0.315027,0.000546
487,0,0,0,0.667426,0,0,0.007301,0.007301,0.667426,0.010939
488,0,0,0,0.119623,0,0,0,0,0,0
489,0,0,0,1.959187,0,0,0.40801,0.40801,1.959187,0.208255
490,0,0,0,1.558455,0,0,0,0,0,0
491,0,0,0,2.371534,0,0,0,0,0,0
492,0,0,0,0.047595,0,0,1.650659,1.650659,0.047595,34.6812
493,0,0,0,0.864825,0,0,0,0,0,0
494,0,0,0,5.513252,0,0,0,0,0,0
495,0,0,0,2.047053,0,0,0,0,0,0
496,0,0,0,0.592028,0,0,0,0,0,0
497,0,0,0,1.157443,0,0,0.042223,0.042223,1.157443,0.03648
498,0,0,0,1.110834,0,0,0.206802,0.206802,1.110834,0.186168
499,0,0,0,1.360672,0,0,0,0,0,0
500,0,0,0,1.58596,0,0,0,0,0,0
501,0,0,0,0.545191,0,0,1.465776,1.465776,0.545191,2.688555
502,0,0,0,0.884385,0,0,0,0,0,0
503,0,0,0,3.643931,0,0,0,0,0,0
504,0,0,0,0.432147,0,0,0,0,0,0
505,0,0,0,1.853984,0,0,0,0,0,0
506,0,0,0,1.466812,0,0,2.486004,2.486004,1.466812,1.694835
507,0,0,0,1.041379,0,0,0,0,0,0
508,0,0,0,1.07209,0,0,0.132779,0.132779,1.07209,0.123851
509,0,0,0,0.381496,0,0,0.21617,0.21617,0.381496,0.566638
510,0,0,0,1.150657,0,0,0,0,0,0
511,0,0,0,1.114871,0,0,18.586619,18.586619,1.114871,16.671546
512,0,0,0,1.057903,0,0,15.475191,15.475191,1.057903,14.62818
513,0,0,0,0.943319,0,0,0.104441,0.104441,0.943319,0.110716
514,0,0,0,1.655553,0,0,0,0,0,0
515,0,0,0,2.502386,0,0,0,0,0,0
516,0,0,0,2.215249,0,0,0,0,0,0
517,0,0,0,3.06714,0,0,0,0,0,0
518,0,0,0,0.836117,0,0,0,0,0,0
519,0,0,0,0.364084,0,0,0,0,0,0
520,0,0,0,1.360911,0,0,0,0,0,0
521,0,0,0,0.584482,0,0,0,0,0,0
522,0,0,0,0.178215,0,0,0,0,0,0
523,0,0,0,0.297842,0,0,0,0,0,0
524,0,0,0,1.096172,0,0,0,0,0,0
525,0,0,0,1.195112,0,0,0,0,0,0
526,0,0,0,0.976689,0,0,0,0,0,0
527,0,0,0,0.820126,0,0,0,0,0,0
528,0,0,0,1.456111,0,0,0,0,0,0
529,0,0,0,0.117506,0,0,0,0,0,0
530,0,0,0,0.124626,0,0,4.966285,4.966285,0.124626,39.849487
531,0,0,0,1.096417,0,0,0,0,0,0
532,0,0,0,0.358994,0,0,0.062355,0.062355,0.358994,0.173694
533,0,0,0,1.102491,0,0,0,0,0,0
534,0,0,0,0.581748,0,0,0,0,0,0
535,0,0,0,0.432957,0,0,0,0,0,0
536,0,0,0,1.653843,0,0,23.617085,23.617085,1.653843,14.280125
537,0,0,0,1.071671,0,0,3.09192,3.09192,1.071671,2.885139
538,0,0,0,2.621779,0,0,0,0,0,0
539,0,0,0,1.189286,0,0,0,0,0,0
540,0,0,0,0.752417,0,0,0,0,0,0
541,0,0,0,2.636075,0,0,0,0,0,0
542,0,0,0,13.519788,0,0,0,0,0,0
543,0,0,0,16.349986,0,0,0,0,0,0
544,0,0,0,11.736374,0,0,0,0,0,0
545,0,0,0,1.038717,0,0,0.265287,0.265287,1.038717,0.255399
546,0,0,0,0.684162,0,0,0,0,0,0
547,0,0,0,0.445732,0,1,1.214423,1.214423,0.445732,2.724557
548,0,0,0,1.281202,0,0,0.933537,0.933537,1.281202,0.728641
549,0,0,0,1.078819,0,0,0,0,0,0
550,0,0,0,0.437169,0,0,0,0,0,0
551,0,0,0,4.993244,0,0,0,0,0,0
552,0,0,0,4.759717,0,0,0,0,0,0
553,0,0,0,1.146713,0,0,3.685448,3.685448,1.146713,3.213923
554,0,0,0,0.333261,0,1,2.169122,2.169122,0.333262,6.508769
555,0,0,0,0.333179,0,0,0.189336,0.189336,0.333179,0.568271
556,0,0,0,1.022643,0,0,0.108555,0.108555,1.022643,0.106151
557,0,0,0,1.005807,0,0,0.09836,0.09836,1.005807,0.097792
558,0,0,0,0.751714,0,0,0.083071,0.083071,0.751714,0.110509
559,0,0,0,0.666771,0,0,0.250399,0.250399,0.666771,0.37554
560,0,0,0,2.46834,0,0,4.046951,4.046951,2.46834,1.639544
561,0,0,0,3.502378,0,0,2.93435,2.93435,3.502378,0.837817
562,0,0,0,1.505044,0,0,0.083996,0.083996,1.505044,0.05581
563,0,0,0,5.509717,0,0,1.653978,1.653978,5.509717,0.300193
564,0,0,0,0.424539,0,0,0.599418,0.599418,0.424539,1.411926
565,0,0,0,1.88249,0,0,5.696412,5.696412,1.88249,3.025999
566,0,0,0,1.030396,0,0,1.597209,1.597209,1.030396,1.550093
567,0,0,0,1.1752,0,0,0.781835,0.781835,1.1752,0.665278
568,0,0,0,1.034467,0,0,0.17129,0.17129,1.034467,0.165583
569,0,0,0,1.070873,0,0,0.129377,0.129377,1.070873,0.120815
570,0,0,0,1.369806,0,0,0.095969,0.095969,1.369806,0.07006
571,0,0,0,1.017425,0,0,0.117069,0.117069,1.017425,0.115064
572,0,0,0,1.021201,0,0,0.079354,0.079354,1.021201,0.077707
573,0,0,0,1.024376,0,0,0.03582,0.03582,1.024376,0.034968
574,0,0,0,0.68956,0,0,0.003133,0.003133,0.68956,0.004543
575,0,0,0,0.414679,0,0,0.002766,0.002766,0.414679,0.00667
576,0,0,0,1.09443,0,0,0.06263,0.120057,1.09443,0.109698
577,0,0,0,0.469905,0,0,0.426546,0.428328,0.469905,0.91152
578,0,0,0,1.218404,0,0,4.77444,4.77444,1.218404,3.918603
579,0,0,0,0.876724,0,0,0,0,0,0
580,0,0,0,1.204814,0,0,0,0,0,0
581,0,0,0,0.252416,0,0,0,0,0,0
582,0,0,0,1.610233,0,0,2.268021,2.268021,1.610233,1.408505
583,0,0,0,1.797651,0,0,0,0,0,0
584,0,0,0,1.074282,0,0,0,0,0,0
585,0,0,0,0.782908,0,0,0,0,0,0
586,0,0,0,2.161737,0,0,0,0,0,0
587,0,0,0,0.120023,0,0,1.439885,1.439885,0.120023,11.996779
588,0,0,0,1.031679,0,0,0.484182,0.484182,1.031679,0.469315
589,0,0,0,1.039591,0,0,13.685316,13.685316,1.039591,13.164139
590,0,0,0,2.703007,0,0,0.006021,0.006021,2.703007,0.002228
591,0,0,0,4.791683,0,0,0.743364,0.743364,4.791683,0.155136
592,0,0,0,1.263632,0,0,0.077408,0.077408,1.263632,0.061258
593,0,0,0,1.331127,0,0,0,0,0,0
594,0,0,0,0.19759,0,0,0.334683,0.334683,0.19759,1.693828
595,0,0,0,0.222977,0,3,0,0,0,0
596,0,0,0,1.779376,0,0,0,0,0,0
597,0,0,0,0.717181,0,0,0,0,0,0
598,0,0,0,2.310269,0,0,0.134063,0.134063,2.310269,0.058029
599,0,0,0,0.502204,0,0,0,0,0,0
600,0,0,0,0.021718,0,0,0,0,0,0
601,0,0,0,1.483993,0,0,0.194952,0.194952,1.483993,0.13137
602,0,0,0,0,0,0,0,0,0,0
603,0,0,0,0.88659,0,0,0,0,0,0
604,0,0,0,0.949538,0,0,0,0,0,0
605,0,0,0,2.456912,0,0,0,0,0,0
606,0,0,0,1.726859,0,0,1.507315,1.507315,1.726859,0.872865
607,0,0,0,0.184481,0,0,0,0,0,0
608,0,0,0,0.692206,0,0,0.138364,0.138364,0.692206,0.199888
609,0,0,0,1.298589,0,0,0,0,0,0
610,0,0,0,0.205734,0,0,0.110868,0.110868,0.205734,0.53889
611,0,0,0,1.045901,0,0,0.032373,0.032373,1.045901,0.030952
612,0,0,0,1.02338,0,0,0,0,0,0
613,0,0,0,0.133162,0,0,0,0,0,0
614,0,0,0,1.69092,0,0,0,0,0,0
615,0,0,0,1.155017,0,0,0,0,0,0
616,0,0,0,1.2737,0,0,0,0,0,0
617,0,0,0,1.717134,0,0,0,0,0,0
618,0,0,0,2.659835,0,0,0,0,0,0
619,0,0,0,0.449478,0,0,13.249591,13.249591,0.449478,29.477747
620,0,0,0,1.517943,0,0,0,0,0,0
621,0,0,0,2.971202,0,0,0,0,0,0
622,0,0,0,1.911586,0,0,0,0,0,0
623,0,0,0,2.341193,0,0,0,0,0,0
624,0,0,0,2.95676,0,0,0,0,0,0
625,0,0,0,1.724632,0,0,0,0,0,0
626,0,0,0,1.596756,0,1,0,0,0,0
627,0,0,0,4.646595,0,0,0,0,0,0
628,0,0,0,0.235823,0,0,0,0,0,0
629,0,0,0,2.150323,0,0,0,0,0,0
630,0,0,0,2.974816,0,0,0,0,0,0
631,0,0,0,1.843974,0,0,0,0,0,0
632,0,0,0,0.750709,0,0,0.658228,0.658228,1.155649,0.569574
633,0,0,0,0.40494,0,1,0.053868,0.053868,0.40494,0.133027
634,0,0,0,0.968794,0,0,0,0,0,0
635,0,0,0,0.852157,0,0,0,0,0,0
636,0,0,0,2.225094,0,0,0,0,0,0
637,0,0,0,2.069676,0,0,0,0,0,0
638,0,0,0,0.140804,0,0,0,0,0,0
639,0,0,0,1.252023,0,0,0,0,0,0
640,0,0,0,0.14252,0,0,0,0,0,0
641,0,0,0,0.331859,0,0,0,0,0,0
642,0,0,0,1.81804,0,0,0,0,0,0
643,0,0,0,0.108969,0,0,0,0,0,0
644,0,0,0,0.563854,0,0,0,0,0,0
645,0,0,0,1.057746,0,0,0.596001,0.596001,1.057746,0.563463
646,0,0,0,0.369923,0,1,0.685198,0.685198,0.369923,1.852272
647,0,0,0,0.14199,0,0,0,0,0,0
648,0,0,0,0.344162,0,0,0,0,0,0
649,0,0,0,0.572234,0,0,0,0,0,0
650,0,0,0,0.445916,0,0,0,0,0,0
651,0,0,0,1.514085,0,0,0,0,0,0
652,0,0,0,1.020649,0,0,0,0,0,0
653,0,0,0,1.954098,0,0,3.03871,3.03871,1.954098,1.555045
654,0,0,0,0.1851,0,0,0,0,0,0
655,0,0,0,1.897078,0,0,0,0,0,0
656,0,0,0,0.549061,0,0,0,0,0,0
657,0,0,0,0.177697,0,0,0,0,0,0
658,0,0,0,0.074365,0,0,0,0,0,0
659,0,0,0,0.21532,0,0,0,0,0,0
660,0,0,0,1.067505,0,0,0,0,0,0
661,0,0,0,0.043522,0,0,0.00089,0.00089,0.043522,0.020449
662,0,0,0,1.222096,0,0,0,0,0,0
663,0,0,0,0.200809,0,0,0,0,0,0
664,0,0,0,1.128281,0,0,1.770254,1.770254,1.128281,1.568983
665,0,0,0,1.117525,0,0,0,0,0,0
666,0,0,0,1.302179,0,0,0,0,0,0
667,0,0,0,1.518643,0,0,0,0,0,0
668,0,0,0,0.697982,0,0,0,0,0,0
669,0,0,0,0.2436,0,0,0,0,0,0
670,0,0,0,0.167828,0,0,0,0,0,0
671,0,0,0,0.694412,0,0,0,0,0,0
672,0,0,0,1.492073,0,0,0,0,0,0
673,0,0,0,0.565991,0,0,0,0,0,0
674,0,0,0,1.761185,0,0,0,0,0,0
675,0,0,0,1.318495,0,0,0,0,0,0
676,0,0,0,0.652437,0,0,0,0,0,0
677,0,0,0,0.419464,0,1,1.972069,1.972069,0.419464,4.701401
678,11,4,0.060371,2.070536,0.060371,3,3.876712,3.876712,2.070536,1.872323
679,11,4,0.080115,1.560266,0.080115,2,0,0,0,0
680,11,1,0.001544,1.264658,0.001544,1,0.625,0.625,1.264658,0.494205
681,11,1,0.000998,1.957433,0.000998,2,3.55316,3.55316,1.957433,1.815214
682,11,1,0.000956,2.04221,0.000956,0,1.869803,1.869803,2.04221,0.915578
683,11,3,0.039926,0.782695,0.039926,3,4.182077,4.182077,0.782695,5.343174
684,11,2,0.005158,1.514637,0.005158,2,1.980547,1.980547,1.514637,1.307605
685,12,4,0.044356,1.409053,0.044356,4,9.619382,9.619382,1.409053,6.82684
686,12,1,0.000483,2.022688,0.000483,1,12.520253,12.520253,2.022688,6.18991
687,12,3,0.010268,1.52167,0.010268,2,12.569094,12.569094,1.52167,8.260064
688,12,5,0.105617,2.367046,0.105617,2,2.249517,3.179553,2.367046,1.343258
689,12,2,0.003672,1.063805,0.003672,0,1.934932,1.934932,1.063805,1.818878
690,12,1,0.000623,1.567173,0.000623,1,0,0,0,0
691,12,4,0.037082,1.685441,0.037082,1,0,0,0,0
692,12,1,0.000583,1.674623,0.000583,1,0.940052,0.940052,1.674623,0.561352
693,11,3,0.025821,1.21024,0.025821,1,0,0,0,0
694,12,1,0.001778,0.54918,0.001778,1,4.320205,4.320205,0.54918,7.866652
695,12,1,0.000672,1.453308,0.000672,3,0,0,0,0
696,12,3,0.007697,2.030062,0.007697,2,29.635137,29.635137,2.030062,14.598142
697,12,1,0.000621,1.573607,0.000621,1,2.688112,3.272365,1.573607,2.079532
698,12,3,0.008433,1.852853,0.008433,2,4.320205,4.320205,1.852853,2.331651
699,12,1,0.000802,1.217648,0.000802,1,4.31962,4.31962,1.217648,3.547512
700,12,1,0.00086,1.134907,0.00086,1,0,0,0,0
701,12,1,0.001089,0.897042,0.001089,1,0,0,0,0
702,12,4,0.028569,2.187721,0.028569,4,0.998803,0.998803,2.187721,0.45655
703,12,1,0.005153,0.189501,0.005153,0,0.250244,0.250244,0.189501,1.320541
704,12,2,0.012838,0.30427,0.012838,1,0,0,0,0
705,12,2,0.00265,1.473862,0.00265,3,0,0,0,0
706,12,1,0.001414,0.690881,0.001414,0,0,0,0,0
707,12,1,0.001064,0.917437,0.001064,1,0,0,0,0
708,12,2,0.001806,2.162552,0.001806,1,0,0,0,0
709,12,4,0.031495,1.984422,0.031495,2,0.899311,0.936634,1.984422,0.471993
710,12,1,0.000608,1.605394,0.000608,1,0.006568,0.006568,1.605394,0.004091
711,12,1,0.000854,1.143865,0.000854,1,0,0,0,0
712,12,1,0.001353,0.721892,0.001353,1,1.938054,1.938054,0.721892,2.684686
713,12,4,0.053006,1.179114,0.053006,2,0.009291,0.988608,1.179114,0.838433
837,0,0,0,1.63769,0,0,0,0,0,0
838,0,0,0,1.028026,0,0,0,0,0,0
839,0,0,0,1.198316,0,0,0,0,0,0
840,0,0,0,0.032847,0,0,0,0,0,0
841,0,0,0,1.199522,0,0,0,0,0,0
842,0,0,0,1.660332,0,0,0,0,0,0
843,0,0,0,0.341631,0,0,0,0,0,0
844,0,0,0,1.801527,0,0,0,0,0,0
845,0,0,0,1.209749,0,0,0,0,0,0
846,0,0,0,0.966087,0,0,0,0,0,0
847,0,0,0,0.659192,0,0,3.334463,3.334463,0.659192,5.058407
848,0,0,0,0.869451,0,0,0,0,0,0
849,0,0,0,1.961756,0,0,0,0,0,0
850,0,0,0,0.673312,0,0,0,0,0,0
851,0,0,0,0.881397,0,0,5.292425,5.292425,0.881397,6.004587
852,0,0,0,0.393583,0,0,0,0,0,0
853,0,0,0,1.63882,0,0,0,0,0,0
854,0,0,0,1.767754,0,0,0,0,0,0
855,0,0,0,0.04156,0,0,0,0,0,0
856,0,0,0,2.419915,0,0,0,0,0,0
857,0,0,0,0.613774,0,0,0,0,0,0
858,0,0,0,0.766398,0,0,0,0,0,0
859,0,0,0,0.27216,0,2,0,0,0,0
860,0,0,0,1.308124,0,0,0.65225,0.65225,1.308124,0.498615
861,0,0,0,2.631827,0,0,0,0,0,0
862,0,0,0,0.660125,0,0,0,0,0,0
863,0,0,0,0.841547,0,0,0,0,0,0
864,0,0,0,1.406907,0,0,0,0,0,0
865,0,0,0,1.837228,0,0,0,0,0,0
866,0,0,0,1.539331,0,0,0,0,0,0
867,0,0,0,2.210732,0,0,0,0,0,0
868,0,0,0,0.521917,0,0,0,0,0,0
869,0,0,0,0.343325,0,0,0,0,0,0
870,0,0,0,0.609413,0,0,0,0,0,0
871,0,0,0,0.573278,0,0,0.020484,0.020484,0.573278,0.035731
872,0,0,0,0.091438,0,0,0,0,0,0
873,0,0,0,1.736245,0,0,0,0,0,0
874,0,0,0,0.041692,0,0,0,0,0,0
875,0,0,0,0.052879,0,0,0,0,0,0
876,0,0,0,1.208166,0,0,0,0,0,0
877,0,0,0,1.035631,0,0,0,0,0,0
878,0,0,0,1.098345,0,0,0,0,0,0
879,0,0,0,0.189912,0,0,0,0,0,0
880,0,0,0,1.719909,0,0,0,0,0,0
881,0,0,0,0.053918,0,0,0,0,0,0
882,0,0,0,0.197432,0,0,0,0,0,0
883,0,0,0,0.203065,0,0,0,0,0,0
884,0,0,0,1.210416,0,0,0,0,0,0
885,0,0,0,2.53455,0,0,0,0,0,0
886,0,0,0,0.516745,0,0,0,0,0,0
887,0,0,0,0.156056,0,0,0,0,0,0
888,0,0,0,0.595431,0,0,0,0,0,0
889,0,0,0,1.182495,0,0,0,0,0,0
890,0,0,0,0.677465,0,0,0,0,0,0
891,0,0,0,1.262352,0,0,0,0,0,0
892,0,0,0,0.019944,0,0,0,0,0,0
893,0,0,0,0.422838,0,0,0,0,0,0
894,0,0,0,0.763311,0,0,0,0,0,0
895,0,0,0,0.678871,0,0,0,0,0,0
1553,0,0,0,1.111124,0,0,0,0,0,0
1554,0,0,0,7.187732,0,0,0,0,0,0
1555,0,0,0,1.877319,0,0,0,0,0,0
